#,Name (Original),Name,Team,Abbreviation,Name (Team),Year,Position,Team G Played,Qualified,G,GS,W,L,SV,CG,IP,H,R,ER,BB,K,K/9,HR,ERA,WHIP,2B,3B,AVG,WP,HBP,BK,SF,SH,H/9,BB/9,FIP
0,"Scott
                                                                        Detweiler",Scott Detweiler,Alton River Dragons,ALT,Scott Detweiler (ALT),Sr,LHP,14,No,6,0,1,0,0,0,11,10,6,6,8,4,3.27,0,4.91,1.64,4,0,0.25,2,0,0,2,0,8.18,6.55,8.95
2,"Bryce
                                                                        Louis",Bryce Louis,Alton River Dragons,ALT,Bryce Louis (ALT),So,RHP,14,Yes,5,1,2,1,0,0,18,10,5,3,7,14,7,0,1.5,0.94,4,0,0.172,0,2,2,4,0,5,3.5,7.44
16,"Jackson
                                                                        Rodgers",Jackson Rodgers,Alton River Dragons,ALT,Jackson Rodgers (ALT),Fr,RHP,14,No,2,2,0,1,0,0,5.33,6,9,8,7,8,13.5,2,13.5,2.44,2,0,0.261,0,0,0,0,0,10.13,11.82,13.31
18,"Gavin
                                                                        Kinworthy",Gavin Kinworthy,Alton River Dragons,ALT,Gavin Kinworthy (ALT),Jr,RHP,14,No,2,0,1,0,0,0,5.33,5,3,3,5,3,5.06,0,5.06,1.88,2,0,0.25,0,0,0,0,0,8.44,8.44,9.18
19,"Aidan
                                                                        Adams",Aidan Adams,Alton River Dragons,ALT,Aidan Adams (ALT),Fr,RHP,14,No,4,0,0,0,0,0,5,10,5,4,3,3,5.4,0,7.2,2.6,0,1,0.417,1,1,0,0,0,18,5.4,8.69
22,"Tanner
                                                                        Paschke",Tanner Paschke,Alton River Dragons,ALT,Tanner Paschke (ALT),Fr,RHP,14,No,4,0,2,0,0,0,8.33,4,1,1,5,9,9.72,0,1.08,1.08,0,0,0.143,0,0,0,1,0,4.32,5.4,7.13
25,"Connor
                                                                        Jackson",Connor Jackson,Alton River Dragons,ALT,Connor Jackson (ALT),So,RHP,14,No,4,0,0,0,0,0,4.33,6,6,5,5,5,10.38,1,10.38,2.54,1,0,0.316,3,2,0,0,0,12.47,10.39,13.04
26,"Jacob
                                                                        Hammer",Jacob Hammer,Alton River Dragons,ALT,Jacob Hammer (ALT),Sr,RHP,14,No,5,0,0,0,0,0,7,7,3,2,5,6,7.71,0,2.57,1.71,1,0,0.28,1,1,0,0,0,9,6.43,8.35
30,"Lucas
                                                                        Johns",Lucas Johns,Alton River Dragons,ALT,Lucas Johns (ALT),Fr,RHP,14,No,2,2,0,0,0,0,7.33,6,4,2,9,4,4.91,0,2.45,2.05,4,1,0.222,1,1,0,1,0,7.37,11.05,10.5
33,"Gabe
                                                                        Smith",Gabe Smith,Alton River Dragons,ALT,Gabe Smith (ALT),Fr,RHP,14,No,3,3,0,0,0,0,12,9,4,2,4,8,6,0,1.5,1.08,3,0,0.205,2,0,0,1,0,6.75,3,7.16
35,"Aaditya
                                                                        Sur",Aaditya Sur,Alton River Dragons,ALT,Aaditya Sur (ALT),So,C,14,No,1,0,0,0,0,0,0.33,1,2,0,1,0,0,0,0,6,1,0,0.333,0,0,0,0,0,27.27,27.27,16.59
36,"Dylan
                                                                        Mannino",Dylan Mannino,Alton River Dragons,ALT,Dylan Mannino (ALT),Fr,RHP,14,No,3,3,0,2,0,0,7.67,16,14,11,8,7,8.22,2,12.91,3.13,6,0,0.432,0,0,0,1,0,18.77,9.39,12.19
37,"Logan
                                                                        Geggus",Logan Geggus,Alton River Dragons,ALT,Logan Geggus (ALT),Fr,LHP,14,No,3,0,1,0,0,0,2.33,3,4,4,6,5,19.29,0,15.43,3.86,0,0,0.3,0,1,0,0,0,11.59,23.18,12.22
41,"Jack
                                                                        Gazdacka",Jack Gazdacka,Alton River Dragons,ALT,Jack Gazdacka (ALT),So,IF,14,No,4,0,0,0,0,0,4,6,7,4,4,1,2.25,0,9,2.5,2,0,0.353,0,2,0,0,0,13.5,9,11.49
46,"I Hung
                                                                        Yeh",I Hung Yeh,Alton River Dragons,ALT,I Hung Yeh (ALT),Fr,RHP,14,Yes,3,3,2,1,0,0,15,18,7,7,2,4,2.4,0,4.2,1.33,6,1,0.29,0,1,0,0,0,10.8,1.2,7.56
49,"Harrison
                                                                        Dubois",Harrison Dubois,Alton River Dragons,ALT,Harrison Dubois (ALT),Jr,RHP,14,No,6,0,0,0,6,0,8.67,3,2,2,1,13,13.5,0,2.08,0.46,1,0,0.1,0,0,1,0,0,3.11,1.04,4.84
3,"Kyle
                                                                        Looper",Kyle Looper,Burlington Bees,BRL,Kyle Looper (BRL),SR,LHP,12,No,3,0,0,1,0,0,2.67,7,9,9,5,3,10.13,0,30.38,4.5,4,0,0.467,0,2,0,0,0,23.6,16.85,13.11
8,"Joe
                                                                        Evans",Joe Evans,Burlington Bees,BRL,Joe Evans (BRL),SO,LHP,12,Yes,4,0,2,1,0,0,13.67,11,5,2,7,9,5.93,0,1.32,1.32,0,0,0.22,2,2,0,0,0,7.24,4.61,8.15
22,"Shea
                                                                        Blanchard",Shea Blanchard,Burlington Bees,BRL,Shea Blanchard (BRL),FR,RHP,12,No,2,2,0,2,0,0,5.67,8,9,9,4,3,4.76,3,14.29,2.12,2,0,0.313,3,0,0,1,0,12.7,6.35,15.43
23,"Jacob
                                                                        Zahner",Jacob Zahner,Burlington Bees,BRL,Jacob Zahner (BRL),FR,RHP,12,No,3,3,0,2,0,0,10.67,11,11,8,8,7,5.91,0,6.75,1.78,3,0,0.256,1,3,0,0,0,9.28,6.75,9.28
26,"Jack
                                                                        Duncan",Jack Duncan,Burlington Bees,BRL,Jack Duncan (BRL),FR,RHP,12,No,2,0,0,0,0,0,4,2,1,0,1,5,11.25,0,0,0.75,2,0,0.133,0,0,0,0,0,4.5,2.25,5.74
27,"Michael
                                                                        Schaul",Michael Schaul,Burlington Bees,BRL,Michael Schaul (BRL),SO,RHP,12,No,1,0,0,0,0,0,1,1,2,2,1,1,9,0,18,2,0,0,0.333,2,1,0,1,0,9,9,11.49
29,"David
                                                                        Theriot, Jr.","David Theriot, Jr.",Burlington Bees,BRL,"David Theriot, Jr. (BRL)",SR,RHP,12,No,3,0,0,0,0,0,5.33,9,2,1,5,6,10.13,0,1.69,2.63,3,0,0.314,0,1,0,0,0,15.2,8.44,8.62
33,"Bobby
                                                                        Helt",Bobby Helt,Burlington Bees,BRL,Bobby Helt (BRL),JR,RHP,12,Yes,4,0,0,0,1,0,12,13,6,3,2,15,11.25,1,2.25,1.25,2,0,0.265,4,0,0,0,0,9.75,1.5,6.58
34,"Erik
                                                                        Kiewiet",Erik Kiewiet,Burlington Bees,BRL,Erik Kiewiet (BRL),JR,RHP,12,No,3,0,0,0,0,0,3,4,6,4,3,5,15,0,12,2.33,1,0,0.25,3,2,0,0,0,12,9,9.16
36,"Vinny
                                                                        Mauro",Vinny Mauro,Burlington Bees,BRL,Vinny Mauro (BRL),SO,RHP,12,No,1,0,0,0,0,0,1,0,0,0,0,2,18,0,0,0,0,0,0,2,0,0,0,0,0,0,3.49
39,"Jimmy
                                                                        McCarthy",Jimmy McCarthy,Burlington Bees,BRL,Jimmy McCarthy (BRL),SO,RHP,12,No,2,0,0,0,0,0,2,2,5,5,4,2,9,0,22.5,3,1,0,0.286,0,1,0,0,0,9,18,12.99
40,"Jackson
                                                                        Wohlers",Jackson Wohlers,Burlington Bees,BRL,Jackson Wohlers (BRL),FR,RHP,12,No,3,3,0,1,0,0,11,6,8,7,5,14,11.45,0,5.73,1,0,0,0.154,1,10,0,0,0,4.91,4.09,9.04
41,"Chase
                                                                        Golden",Chase Golden,Burlington Bees,BRL,Chase Golden (BRL),SO,RHP,12,No,5,0,1,0,0,0,5.33,5,7,6,5,7,11.81,1,10.13,1.88,0,0,0.238,4,0,0,0,2,8.44,8.44,10.12
46,"Preston
                                                                        Kaufman",Preston Kaufman,Burlington Bees,BRL,Preston Kaufman (BRL),JR,RHP,12,No,1,0,0,0,0,0,3,5,7,7,4,1,3,0,21,3,3,0,0.417,0,1,0,1,0,15,12,11.83
50,"Zach
                                                                        Leuschen",Zach Leuschen,Burlington Bees,BRL,Zach Leuschen (BRL),FR,LHP,12,No,5,0,0,1,0,0,6.33,11,7,7,2,4,5.68,1,9.95,2.05,4,0,0.407,1,0,1,1,1,15.64,2.84,9.23
51,"Jacob
                                                                        Sjuts",Jacob Sjuts,Burlington Bees,BRL,Jacob Sjuts (BRL),SO,RHP,12,No,2,0,0,0,0,0,1.67,1,1,0,2,1,5.4,0,0,1.8,0,0,0.2,1,0,0,1,1,5.39,10.78,9.89
79,"Noah
                                                                        Harbin",Noah Harbin,Burlington Bees,BRL,Noah Harbin (BRL),FR,RHP,12,No,2,2,0,1,0,0,8,7,6,6,7,10,11.25,2,6.75,1.75,1,0,0.226,3,0,0,0,0,7.88,7.88,10.87
91,"Nathan
                                                                        Chapman",Nathan Chapman,Burlington Bees,BRL,Nathan Chapman (BRL),FR,RHP,12,No,2,2,0,0,0,0,3.33,2,4,4,3,3,8.1,0,10.8,1.5,0,0,0.167,1,1,0,0,0,5.41,8.11,9.3
0,"Will
                                                                        Richardson",Will Richardson,Cape Catfish,CGR,Will Richardson (CGR),Fr,LHP,14,No,1,0,0,0,0,0,1,0,2,1,3,3,27,0,9,3,0,0,0.286,0,1,0,0,0,0,27,13.49
3,"Kam
                                                                        Dohogne",Kam Dohogne,Cape Catfish,CGR,Kam Dohogne (CGR),Jr,LHP,14,Yes,3,3,0,1,0,0,14,15,10,7,2,9,5.79,2,4.5,1.21,1,1,0.268,0,0,0,0,1,9.64,1.29,8.49
7,"Ty
                                                                        Allen",Ty Allen,Cape Catfish,CGR,Ty Allen (CGR),Fr,OF,14,No,1,1,0,0,0,0,2,1,0,0,3,2,9,0,0,2,0,0,0.167,1,0,0,0,0,4.5,13.5,9.99
8,"Arlon
                                                                        Butts",Arlon Butts,Cape Catfish,CGR,Arlon Butts (CGR),Sr,RHP,14,No,5,0,0,1,2,0,5.33,3,4,2,1,7,11.81,1,3.38,0.75,2,0,0.158,1,0,0,1,0,5.07,1.69,7.87
9,"Raymond
                                                                        Ochoa",Raymond Ochoa,Cape Catfish,CGR,Raymond Ochoa (CGR),Jr,RHP,14,No,4,3,0,2,0,0,11,15,14,12,7,15,12.27,1,9.82,2,2,2,0.313,2,0,0,0,1,12.27,5.73,7.86
10,"Dylan
                                                                        Peck",Dylan Peck,Cape Catfish,CGR,Dylan Peck (CGR),So,RHP,14,No,1,0,0,0,0,0,1.33,3,2,2,0,1,6.75,1,13.5,2.25,0,0,0.5,0,0,0,0,0,20.3,0,15.77
12,"Jorge
                                                                        Romero",Jorge Romero,Cape Catfish,CGR,Jorge Romero (CGR),Jr,RHP,14,No,3,3,0,0,0,0,13,13,9,5,7,11,7.62,0,3.46,1.54,4,0,0.255,1,4,1,1,0,9,4.85,8.34
14,"Blake
                                                                        Kincaid",Blake Kincaid,Cape Catfish,CGR,Blake Kincaid (CGR),Sr,RHP,14,No,1,1,0,0,0,0,3,1,1,1,2,1,3,0,3,1,1,0,0.217,1,0,0,0,0,3,6,8.83
17,"Jordan
                                                                        Riley",Jordan Riley,Cape Catfish,CGR,Jordan Riley (CGR),Fr,RHP,14,No,3,0,0,1,0,0,4.67,2,1,0,2,8,15.43,0,0,0.86,1,0,0.118,2,0,0,0,0,3.85,3.85,5.35
18,"Jesse
                                                                        Komoroski",Jesse Komoroski,Cape Catfish,CGR,Jesse Komoroski (CGR),Jr,RHP,14,No,4,0,0,1,0,0,3.67,8,3,3,4,5,12.27,1,7.36,3.27,3,0,0.471,2,0,0,0,0,19.62,9.81,11.58
20,"John-Paul
                                                                        Sauer",John-Paul Sauer,Cape Catfish,CGR,John-Paul Sauer (CGR),Fr,RHP,14,No,1,1,0,0,0,0,6,3,2,1,2,4,6,1,1.5,0.83,0,0,0.136,0,0,0,0,0,4.5,3,9.33
21,"Walker
                                                                        Brodt",Walker Brodt,Cape Catfish,CGR,Walker Brodt (CGR),Fr,RHP,14,No,4,0,1,0,1,0,7.33,8,2,2,2,11,13.5,0,2.45,1.36,2,0,0.243,0,0,0,0,0,9.82,2.46,5.31
22,"Drew
                                                                        Wedgeworth",Drew Wedgeworth,Cape Catfish,CGR,Drew Wedgeworth (CGR),Fr,LHP,14,No,4,0,2,0,0,0,9.67,6,1,1,2,10,9.31,0,0.93,0.83,0,0,0.19,0,1,0,0,2,5.58,1.86,6.36
24,"Cameron
                                                                        Marchi",Cameron Marchi,Cape Catfish,CGR,Cameron Marchi (CGR),So,RHP,14,No,4,0,1,2,0,0,6.33,5,7,2,4,7,9.95,1,2.84,1.42,1,0,0.2,1,0,0,0,0,7.11,5.69,9.23
25,"Owen
                                                                        Clark",Owen Clark,Cape Catfish,CGR,Owen Clark (CGR),Jr,LHP,14,No,3,1,0,0,0,0,8,6,3,2,7,13,14.63,0,2.25,1.63,0,0,0.194,1,2,0,0,0,6.75,7.88,7.62
27,"Bryce
                                                                        Lopez",Bryce Lopez,Cape Catfish,CGR,Bryce Lopez (CGR),Fr,LHP,14,No,1,0,0,0,0,0,1.33,1,0,0,0,2,13.5,0,0,0.75,0,0,0.2,0,2,0,0,0,6.77,0,9
29,"Korey
                                                                        Bunselmeyer",Korey Bunselmeyer,Cape Catfish,CGR,Korey Bunselmeyer (CGR),Sr,RHP,14,No,2,0,0,1,0,0,5,6,6,4,1,8,14.4,0,7.2,1.4,0,1,0.286,1,2,0,0,0,10.8,1.8,6.09
32,"Connor
                                                                        Pierce",Connor Pierce,Cape Catfish,CGR,Connor Pierce (CGR),Fr,LHP,14,No,1,0,0,0,0,0,1,0,0,0,1,1,9,0,0,1,0,0,0,0,0,0,0,0,0,9,8.49
53,"Isaac
                                                                        Vedder",Isaac Vedder,Cape Catfish,CGR,Isaac Vedder (CGR),So,RHP,14,No,6,0,0,0,0,0,6.33,1,0,0,5,7,9.95,0,0,0.95,0,0,0.053,3,1,0,0,0,1.42,7.11,8.13
57,"Bryce
                                                                        Kemper",Bryce Kemper,Cape Catfish,CGR,Bryce Kemper (CGR),Fr,RHP,14,No,4,0,0,0,0,0,4.67,2,3,3,5,3,5.79,0,5.79,1.5,0,0,0.125,1,0,1,0,0,3.85,9.64,9.42
28,"Joe
                                                                        Tootle",Joe Tootle,Champion City Kings,CCY,Joe Tootle (CCY),Jr,RHP,13,Yes,4,2,0,1,1,0,17.33,23,14,13,6,15,7.79,4,6.75,1.67,5,0,0.324,0,0,2,0,0,11.94,3.12,9.8
26,"Bennett
                                                                        LaPalm",Bennett LaPalm,Champion City Kings,CCY,Bennett LaPalm (CCY),Fr,LHP,13,Yes,5,2,1,1,0,0,16,13,14,10,6,19,10.69,2,5.63,1.19,2,0,0.21,2,8,0,1,0,7.31,3.38,9.37
14,"Tristan
                                                                        Harley",Tristan Harley,Champion City Kings,CCY,Tristan Harley (CCY),So,LHP,13,Yes,3,2,1,0,0,0,15,20,8,8,4,13,7.8,1,4.8,1.6,3,1,0.323,0,2,0,0,0,12,2.4,7.83
25,"Julian
                                                                        Minaya",Julian Minaya,Champion City Kings,CCY,Julian Minaya (CCY),Sr,RHP,13,No,3,3,1,1,0,0,12.33,13,11,11,9,10,7.3,0,8.03,1.78,3,0,0.271,0,2,0,3,1,9.49,6.57,8.55
2,"Riley
                                                                        Niggemeyer",Riley Niggemeyer,Champion City Kings,CCY,Riley Niggemeyer (CCY),Fr,LHP,13,No,4,0,0,2,0,0,9,19,20,14,4,5,5,1,14,2.56,3,1,0.396,4,2,0,1,0,19,4,9.83
20,"Joe
                                                                        Stone",Joe Stone,Champion City Kings,CCY,Joe Stone (CCY),Fr,RHP,13,No,5,0,1,0,0,0,8,8,5,4,2,10,11.25,0,4.5,1.25,2,0,0.25,1,2,0,0,0,9,2.25,6.49
37,"Luke
                                                                        Swanger",Luke Swanger,Champion City Kings,CCY,Luke Swanger (CCY),Jr,RHP,13,No,4,1,1,1,0,0,6.33,8,5,2,3,3,4.26,1,2.84,1.74,3,0,0.308,1,1,0,1,0,11.37,4.27,10.5
1,"Nate
                                                                        Miller",Nate Miller,Champion City Kings,CCY,Nate Miller (CCY),Jr,C,13,No,5,0,0,0,1,0,6,4,2,1,1,6,9,0,1.5,0.83,1,0,0.2,0,0,0,2,0,6,1.5,5.99
15,"Evan
                                                                        Ables",Evan Ables,Champion City Kings,CCY,Evan Ables (CCY),Fr,RHP,13,No,3,0,0,1,0,0,5,6,8,6,8,6,10.8,1,10.8,2.8,0,0,0.261,2,0,2,0,0,10.8,14.4,12.49
13,"Andrew
                                                                        DeWitt",Andrew DeWitt,Champion City Kings,CCY,Andrew DeWitt (CCY),Jr,LHP,13,No,1,1,0,0,0,0,5,5,2,2,1,4,7.2,1,3.6,1.2,0,0,0.238,0,0,0,0,0,9,1.8,9.09
33,"Wesley
                                                                        Culley",Wesley Culley,Champion City Kings,CCY,Wesley Culley (CCY),Jr,LHP,13,No,2,0,0,1,0,0,3,4,4,3,1,3,9,0,9,1.67,0,0,0.308,0,0,0,1,0,12,3,6.49
39,"Jared
                                                                        Kraus",Jared Kraus,Champion City Kings,CCY,Jared Kraus (CCY),Fr,RHP,13,No,1,1,0,0,0,0,2.33,2,3,2,6,0,0,0,7.71,3.43,0,1,0.222,3,1,0,0,1,7.73,23.18,16.51
24,"Soren
                                                                        Strombeck",Soren Strombeck,Champion City Kings,CCY,Soren Strombeck (CCY),Fr,RHP,13,No,2,1,0,0,0,0,1.67,4,5,5,3,2,10.8,0,27,4.2,0,0,0.5,0,3,0,0,1,21.56,16.17,15.88
15,"Garrett
                                                                        Helsel",Garrett Helsel,Chillicothe Paints,CHI,Garrett Helsel (CHI),So,LHP,12,Yes,3,3,3,0,0,0,15.67,13,4,3,5,23,13.21,0,1.72,1.15,2,0,0.213,2,1,0,0,0,7.47,2.87,5.71
36,"Will
                                                                        Rettig",Will Rettig,Chillicothe Paints,CHI,Will Rettig (CHI),So,RHP,12,No,3,3,0,1,0,0,11.33,16,16,10,7,7,5.56,1,7.94,2.03,1,1,0.32,0,2,0,0,0,12.71,5.56,9.79
4,"Scotty
                                                                        Adelman",Scotty Adelman,Chillicothe Paints,CHI,Scotty Adelman (CHI),Jr,RHP,12,No,2,1,1,0,0,0,9,6,3,3,0,6,6,1,3,0.67,2,0,0.194,0,0,0,0,0,6,0,7.61
34,"Noah
                                                                        Williamson",Noah Williamson,Chillicothe Paints,CHI,Noah Williamson (CHI),Jr,P,12,No,2,1,1,0,0,0,8.67,8,3,1,2,10,10.38,0,1.04,1.15,1,0,0.25,1,0,0,1,0,8.3,2.08,5.88
16,"Jack
                                                                        Rollo",Jack Rollo,Chillicothe Paints,CHI,Jack Rollo (CHI),Fr,RHP,12,No,3,1,0,0,0,0,7.67,3,0,0,2,7,8.22,0,0,0.65,0,0,0.111,0,1,0,0,0,3.52,2.35,6.84
2,"Cayden
                                                                        Robinson",Cayden Robinson,Chillicothe Paints,CHI,Cayden Robinson (CHI),Fr,RHP,12,No,3,0,0,0,1,0,7,3,0,0,3,8,10.29,0,0,0.86,0,0,0.13,0,1,0,0,0,3.86,3.86,6.92
31,"Carter
                                                                        White",Carter White,Chillicothe Paints,CHI,Carter White (CHI),Fr,LHP,12,No,3,1,2,0,0,0,7,5,3,2,7,9,11.57,0,2.57,1.71,0,0,0.2,1,0,0,1,0,6.43,9,7.92
6,"Mikey
                                                                        Olivieri",Mikey Olivieri,Chillicothe Paints,CHI,Mikey Olivieri (CHI),So,RHP,12,No,4,0,0,0,0,0,6.33,7,5,5,2,8,11.37,3,7.11,1.42,1,0,0.28,2,1,0,1,0,9.95,2.84,12.55
13,"Colin
                                                                        Bryant",Colin Bryant,Chillicothe Paints,CHI,Colin Bryant (CHI),Sr,LHP,12,No,1,1,0,0,0,0,6,3,0,0,1,4,6,0,0,0.67,1,1,0.15,0,2,0,0,0,4.5,1.5,7.66
40,"Landen
                                                                        Vance",Landen Vance,Chillicothe Paints,CHI,Landen Vance (CHI),So,RHP,12,No,3,0,1,0,0,0,5.33,4,5,4,2,3,5.06,0,6.75,1.13,1,0,0.211,0,3,0,0,0,6.75,3.38,9.18
9,"Bryson
                                                                        Brown",Bryson Brown,Chillicothe Paints,CHI,Bryson Brown (CHI),So,RHP,12,No,2,0,0,0,0,0,3.67,4,3,3,4,1,2.45,0,7.36,2.18,3,0,0.286,1,0,0,0,0,9.81,9.81,10.22
5,"Tyler
                                                                        Mendez",Tyler Mendez,Chillicothe Paints,CHI,Tyler Mendez (CHI),So,OF,12,No,2,0,0,0,0,0,3.33,2,5,5,5,4,10.8,1,13.5,2.1,0,0,0.182,0,2,0,0,0,5.41,13.51,15.3
11,"Joshua
                                                                        Rouw",Joshua Rouw,Chillicothe Paints,CHI,Joshua Rouw (CHI),So,RHP,12,No,3,0,0,1,0,0,3.33,6,8,8,5,2,5.4,1,21.6,3.3,1,0,0.375,0,2,0,0,0,16.22,13.51,16.5
49,"Matt
                                                                        Graeber",Matt Graeber,Chillicothe Paints,CHI,Matt Graeber (CHI),Jr,RHP,12,No,2,0,0,0,0,0,2,3,3,3,5,2,9,1,13.5,4,0,0,0.333,0,1,0,0,0,13.5,22.5,20.99
32,"Braden
                                                                        Shepherd",Braden Shepherd,Chillicothe Paints,CHI,Braden Shepherd (CHI),So,RHP,12,No,3,0,0,0,0,0,2,2,4,3,5,0,0,0,13.5,3.5,0,0,0.25,0,2,0,0,0,9,22.5,17.99
23,"Noah
                                                                        Jordan",Noah Jordan,Chillicothe Paints,CHI,Noah Jordan (CHI),Redshirt Fr,RHP,12,No,2,1,0,2,0,0,1.33,6,9,6,3,1,6.75,0,40.5,6.75,1,0,0.6,3,2,0,1,0,40.6,20.3,17.27
8,"Alex
                                                                        Bemis",Alex Bemis,Chillicothe Paints,CHI,Alex Bemis (CHI),Fr,IF,12,No,1,0,0,0,0,0,1,2,2,2,0,1,9,1,18,2,0,0,0.4,0,0,0,0,0,18,0,18.49
2,"Sam
                                                                        Lavin",Sam Lavin,Clinton LumberKings,CLN,Sam Lavin (CLN),Sr,RHP,12,No,4,0,0,1,3,0,6.67,7,1,0,3,13,17.55,0,0,1.5,1,0,0.28,1,0,0,0,0,9.45,4.05,4.95
6,"Sam
                                                                        George",Sam George,Clinton LumberKings,CLN,Sam George (CLN),Fr,LHP,12,Yes,3,3,1,0,0,0,13.67,17,6,4,5,18,11.85,0,2.63,1.61,3,0,0.298,0,2,0,0,0,11.19,3.29,6.4
7,"Hayden
                                                                        Vickroy",Hayden Vickroy,Clinton LumberKings,CLN,Hayden Vickroy (CLN),So,RHP,12,No,1,0,0,1,0,0,2,2,3,3,2,2,9,0,13.5,2,0,0,0.25,0,0,1,0,0,9,9,8.49
8,"Cade
                                                                        Turner",Cade Turner,Clinton LumberKings,CLN,Cade Turner (CLN),Jr,RHP,12,No,3,0,1,0,0,0,3.33,1,2,1,6,5,13.5,0,2.7,2.1,0,0,0.091,3,2,0,0,0,2.7,16.22,11.7
13,"Daniel
                                                                        Mosarah",Daniel Mosarah,Clinton LumberKings,CLN,Daniel Mosarah (CLN),Jr,RHP,12,No,3,0,1,0,0,0,5,6,4,3,1,5,9,0,5.4,1.4,0,1,0.273,1,1,0,0,0,10.8,1.8,6.69
16,"Drew
                                                                        Duckhorn",Drew Duckhorn,Clinton LumberKings,CLN,Drew Duckhorn (CLN),So,LHP,12,No,2,2,0,0,0,0,4,6,7,7,5,3,6.75,0,15.75,2.75,0,0,0.353,2,2,0,0,0,13.5,11.25,11.24
18,"Carson
                                                                        Knebel",Carson Knebel,Clinton LumberKings,CLN,Carson Knebel (CLN),So,RHP,12,No,1,0,0,0,0,0,0,0,0,0,3,0,0,0,0,0,0,0,0,0,0,0,0,0,0,0,0
19,"Brenden
                                                                        Martin",Brenden Martin,Clinton LumberKings,CLN,Brenden Martin (CLN),Fr,RHP,12,No,1,0,0,0,0,0,0.33,1,1,1,3,0,0,0,27,12,1,0,0.5,0,0,0,0,0,27.27,81.82,34.77
25,"Jai
                                                                        Jensen",Jai Jensen,Clinton LumberKings,CLN,Jai Jensen (CLN),So,RHP,12,No,1,0,0,0,0,0,1.33,2,1,1,3,2,13.5,0,6.75,3.75,1,0,0.333,0,0,0,0,0,13.53,20.3,11.25
26,"Garrett
                                                                        Siemsen",Garrett Siemsen,Clinton LumberKings,CLN,Garrett Siemsen (CLN),So,RHP,12,No,2,0,2,0,0,0,5.67,5,5,5,3,3,4.76,0,7.94,1.41,1,0,0.25,1,2,0,0,0,7.94,4.76,9.08
27,"Ian
                                                                        Dittmer",Ian Dittmer,Clinton LumberKings,CLN,Ian Dittmer (CLN),Fr,RHP,12,No,4,0,0,0,0,0,7.33,8,11,10,9,8,9.82,0,12.27,2.32,1,0,0.286,2,2,0,1,0,9.82,11.05,9.81
29,"Jake
                                                                        Weissenberger",Jake Weissenberger,Clinton LumberKings,CLN,Jake Weissenberger (CLN),Jr,RHP,12,No,3,0,0,1,0,0,6.33,5,2,2,0,5,7.11,0,2.84,0.79,0,0,0.192,0,0,0,0,0,7.11,0,5.91
31,"Jimmy
                                                                        Burke",Jimmy Burke,Clinton LumberKings,CLN,Jimmy Burke (CLN),Jr,RHP,12,Yes,2,2,2,0,0,0,12,6,1,1,2,14,10.5,0,0.75,0.67,2,0,0.15,0,0,0,0,1,4.5,1.5,5.66
35,"Jack
                                                                        Surdey",Jack Surdey,Clinton LumberKings,CLN,Jack Surdey (CLN),Fr,RHP,12,Yes,3,3,1,0,0,0,12,10,7,5,5,10,7.5,0,3.75,1.25,1,0,0.222,1,5,0,1,0,7.5,3.75,8.33
36,"Elijah
                                                                        Green",Elijah Green,Clinton LumberKings,CLN,Elijah Green (CLN),So,RHP,12,No,1,0,0,0,0,0,4.33,4,1,1,2,1,2.08,0,2.08,1.38,1,0,0.286,0,1,0,0,0,8.31,4.16,9.11
41,"Kieran
                                                                        Bailey",Kieran Bailey,Clinton LumberKings,CLN,Kieran Bailey (CLN),Jr,LHP,12,No,1,1,0,1,0,0,1.33,3,6,4,2,1,6.75,0,27,3.75,0,0,0.429,1,2,0,0,0,20.3,13.53,15.01
45,"Owen
                                                                        Coffman",Owen Coffman,Clinton LumberKings,CLN,Owen Coffman (CLN),Sr,RHP,12,No,1,1,0,0,0,0,4,1,1,1,3,6,13.5,0,2.25,1,0,0,0.083,0,0,0,0,0,2.25,6.75,6.74
50,"Ean
                                                                        DiPasquale",Ean DiPasquale,Clinton LumberKings,CLN,Ean DiPasquale (CLN),Fr,RHP,12,No,3,0,0,0,1,0,6,5,1,1,0,10,15,1,1.5,0.83,1,1,0.192,0,0,0,0,0,7.5,0,6.33
20,"Meade
                                                                        Johnson",Meade Johnson,Danville Dans,DAN,Meade Johnson (DAN),Jr,RHP,13,Yes,3,3,0,0,0,0,14.67,9,3,3,8,21,12.89,1,1.84,1.16,1,0,0.257,0,2,0,0,0,5.52,4.91,7.56
35,"Jacob
                                                                        Parks",Jacob Parks,Danville Dans,DAN,Jacob Parks (DAN),So,RHP,13,No,3,3,0,0,0,0,11.33,6,4,3,9,16,12.71,0,2.38,1.32,2,0,0.146,2,3,0,0,0,4.77,7.15,7.85
6,"Abe
                                                                        Chancellor",Abe Chancellor,Danville Dans,DAN,Abe Chancellor (DAN),Jr,LHP,13,No,2,2,2,0,0,0,11,8,2,1,1,17,13.91,1,0.82,0.82,0,0,0.2,1,1,0,0,0,6.55,0.82,6.13
10,"Griffin
                                                                        Graves",Griffin Graves,Danville Dans,DAN,Griffin Graves (DAN),Fr,LHP,13,No,3,1,2,0,0,0,10.33,5,2,2,8,19,16.55,0,1.74,1.26,0,0,0.217,1,3,0,0,0,4.36,6.97,7.01
14,"Jud
                                                                        Files",Jud Files,Danville Dans,DAN,Jud Files (DAN),Fr,RHP,13,No,2,2,1,0,0,0,9,3,4,4,6,8,8,0,4,1,1,0,0.097,0,0,1,0,0,3,6,7.72
34,"Gunnar
                                                                        Brown",Gunnar Brown,Danville Dans,DAN,Gunnar Brown (DAN),Jr,RHP,13,No,2,2,0,0,0,0,8.67,8,4,4,5,11,11.42,1,4.15,1.5,1,0,0.222,1,1,0,0,0,8.3,5.19,8.53
19,"Bryce
                                                                        Riggs",Bryce Riggs,Danville Dans,DAN,Bryce Riggs (DAN),Fr,RHP,13,No,5,0,0,0,1,0,7.33,5,2,1,1,13,15.95,0,1.23,0.82,1,0,0.263,0,0,0,0,0,6.14,1.23,4.36
33,"Brendan
                                                                        Clarke",Brendan Clarke,Danville Dans,DAN,Brendan Clarke (DAN),Jr,RHP,13,No,3,0,1,0,1,0,6.67,6,4,4,2,6,8.1,1,5.4,1.2,2,1,0.231,0,0,1,0,0,8.1,2.7,8.54
23,"Mason
                                                                        Robinson",Mason Robinson,Danville Dans,DAN,Mason Robinson (DAN),Fr,RHP,13,No,4,0,0,0,0,0,5.67,5,2,2,6,8,12.71,0,3.18,1.94,1,0,0.238,0,2,0,1,0,7.94,9.52,8.91
24,"Jack
                                                                        Armstrong",Jack Armstrong,Danville Dans,DAN,Jack Armstrong (DAN),Jr,RHP,13,No,3,0,0,0,0,0,5.33,7,4,4,2,7,11.81,0,6.75,1.69,1,0,0.292,0,0,1,0,0,11.82,3.38,5.99
36,"Will
                                                                        Melby, Jr.","Will Melby, Jr.",Danville Dans,DAN,"Will Melby, Jr. (DAN)",Jr,RHP,13,No,4,0,0,2,0,0,5.33,6,8,5,6,4,6.75,1,8.44,2.25,1,0,0.286,3,2,0,0,1,10.13,10.13,12.94
27,"Aidan
                                                                        Dorsch",Aidan Dorsch,Danville Dans,DAN,Aidan Dorsch (DAN),Fr,RHP,13,No,2,0,1,1,0,0,4.33,4,4,4,3,4,8.31,0,8.31,1.62,0,1,0.25,1,2,0,0,0,8.31,6.24,9.11
32,"Jake
                                                                        Murphy",Jake Murphy,Danville Dans,DAN,Jake Murphy (DAN),Fr,LHP,13,No,4,0,1,0,0,0,4,2,6,6,10,4,9,0,13.5,3,0,0,0.167,0,1,0,0,0,4.5,22.5,13.74
22,"Stryder
                                                                        Salas",Stryder Salas,Danville Dans,DAN,Stryder Salas (DAN),So,RHP,13,No,2,0,0,1,0,0,3,2,5,4,4,3,9,0,12,2,0,0,0.182,2,1,0,0,0,6,12,10.49
30,"Austin
                                                                        Morris",Austin Morris,Danville Dans,DAN,Austin Morris (DAN),Fr,RHP,13,No,1,0,0,1,0,0,2,1,3,2,2,4,18,0,9,1.5,0,1,0.125,1,1,0,0,0,4.5,9,7.99
9,"Mick
                                                                        Uebelhor",Mick Uebelhor,Dubois County Bombers,DUB,Mick Uebelhor (DUB),Fr,RHP,15,Yes,5,3,1,0,0,0,18.33,13,8,7,6,14,6.87,0,3.44,1.04,3,0,0.197,5,4,0,0,0,6.38,2.95,7.6
4,"Cole
                                                                        Lambird",Cole Lambird,Dubois County Bombers,DUB,Cole Lambird (DUB),Jr,LHP,15,Yes,3,3,0,2,0,0,16,15,8,6,1,9,5.06,0,3.38,1,3,0,0.231,0,1,0,0,0,8.44,0.56,6.74
37,"Jacob
                                                                        Culp",Jacob Culp,Dubois County Bombers,DUB,Jacob Culp (DUB),Fr,RHP,15,No,3,3,0,0,0,0,14.33,13,7,5,7,12,7.53,1,3.14,1.4,1,0,0.232,2,3,0,0,0,8.16,4.4,8.82
22,"Max
                                                                        Tripure",Max Tripure,Dubois County Bombers,DUB,Max Tripure (DUB),So,RHP,15,No,3,2,1,0,1,0,11.67,8,2,2,6,11,8.49,0,1.54,1.2,1,0,0.19,0,2,0,0,0,6.17,4.63,7.67
14,"Jack
                                                                        Taczy",Jack Taczy,Dubois County Bombers,DUB,Jack Taczy (DUB),So,LHP,15,No,5,1,1,1,0,0,9.33,6,4,2,5,11,10.61,0,1.93,1.18,1,0,0.182,2,0,0,1,0,5.79,4.82,6.74
43,"Nathan
                                                                        Frady",Nathan Frady,Dubois County Bombers,DUB,Nathan Frady (DUB),Fr,RHP,15,No,5,0,1,1,0,0,9,8,10,8,6,7,7,0,8,1.56,2,0,0.229,4,2,0,1,0,8,6,8.61
32,"Jack
                                                                        Harris",Jack Harris,Dubois County Bombers,DUB,Jack Harris (DUB),Fr,RHP,15,No,4,0,0,0,0,0,8,7,5,3,5,9,10.13,0,3.38,1.5,0,0,0.233,1,2,1,1,0,7.88,5.63,7.87
24,"Chase
                                                                        Carver",Chase Carver,Dubois County Bombers,DUB,Chase Carver (DUB),Fr,RHP,15,No,3,1,0,1,0,0,7.67,10,10,10,6,7,8.22,0,11.74,2.09,2,0,0.303,5,0,0,0,0,11.73,7.04,8.02
36,"Hudson
                                                                        Cornett",Hudson Cornett,Dubois County Bombers,DUB,Hudson Cornett (DUB),Jr,RHP,15,No,4,1,0,1,0,0,6.67,13,12,7,3,8,10.8,0,9.45,2.4,0,0,0.406,2,1,0,1,0,17.54,4.05,6.89
13,"Hunter
                                                                        Niksch",Hunter Niksch,Dubois County Bombers,DUB,Hunter Niksch (DUB),So,RHP,15,No,2,1,0,1,0,0,4.33,6,6,2,1,2,4.15,0,4.15,1.62,1,0,0.273,0,1,0,0,0,12.47,2.08,7.96
12,"Jake
                                                                        Stuteville",Jake Stuteville,Dubois County Bombers,DUB,Jake Stuteville (DUB),Jr,RHP,15,No,4,0,0,0,1,0,4.33,3,0,0,2,3,6.23,0,0,1.15,2,0,0.188,0,1,0,0,0,6.24,4.16,8.19
18,"Justin
                                                                        Trucks",Justin Trucks,Dubois County Bombers,DUB,Justin Trucks (DUB),Fr,RHP,15,No,3,0,0,1,0,0,4.33,8,7,7,5,6,12.46,0,14.54,3,1,1,0.381,0,0,0,0,0,16.63,10.39,8.19
35,"Bobby
                                                                        Fowler",Bobby Fowler,Dubois County Bombers,DUB,Bobby Fowler (DUB),Sr,RHP,15,No,2,0,0,0,0,0,3,2,4,3,3,0,0,0,9,1.67,0,1,0.222,1,2,0,1,0,6,9,12.49
30,"Justin
                                                                        Spencer",Justin Spencer,Dubois County Bombers,DUB,Justin Spencer (DUB),Fr,RHP,15,No,2,0,0,0,0,0,3,5,3,2,0,2,6,0,6,1.67,0,0,0.385,0,1,0,1,0,15,0,7.16
40,"Tavien
                                                                        Tigg",Tavien Tigg,Dubois County Bombers,DUB,Tavien Tigg (DUB),Jr,LHP,15,No,3,0,0,2,0,0,2.33,3,5,3,8,2,7.71,0,11.57,4.71,2,0,0.273,0,0,0,0,0,11.59,30.9,16.08
29,"Cayman
                                                                        Huntsman",Cayman Huntsman,Dubois County Bombers,DUB,Cayman Huntsman (DUB),Fr,RHP,15,No,2,0,0,0,0,0,1.67,3,4,4,6,2,10.8,0,21.6,5.4,0,0,0.375,0,1,0,0,0,16.17,32.34,17.67
3,"Cade
                                                                        Moore",Cade Moore,Dubois County Bombers,DUB,Cade Moore (DUB),So,IF,15,No,1,0,0,0,0,0,1.33,0,0,0,0,0,0,0,0,0,0,0,0,0,0,0,0,0,0,0,7.49
31,"Trey
                                                                        Harney",Trey Harney,Dubois County Bombers,DUB,Trey Harney (DUB),Fr,RHP,15,No,2,0,0,1,0,0,1,2,6,5,4,1,9,0,45,6,0,0,0.333,4,0,0,0,0,18,36,17.49
39,"Nick
                                                                        Judd",Nick Judd,Full Count Rhythm,FCR,Nick Judd (FCR),So,RHP,14,Yes,3,3,0,1,0,0,14,11,8,4,3,15,9.64,0,2.57,1,1,0,0.208,0,1,0,0,1,7.07,1.93,6.21
42,"Sam
                                                                        Matherly",Sam Matherly,Full Count Rhythm,FCR,Sam Matherly (FCR),Fr,RHP,14,No,3,2,1,0,0,0,13,15,12,10,5,6,4.15,0,6.92,1.54,0,0,0.294,3,2,0,1,0,10.38,3.46,8.19
31,"Arren
                                                                        Hash",Arren Hash,Full Count Rhythm,FCR,Arren Hash (FCR),Jr,RHP,14,No,4,0,0,1,0,0,10.33,16,16,8,6,12,10.45,2,6.97,2.13,2,1,0.327,2,2,0,2,0,13.94,5.23,10.01
2,"Chet
                                                                        Lax",Chet Lax,Full Count Rhythm,FCR,Chet Lax (FCR),Fr,LHP,14,No,2,2,1,0,0,0,10,8,2,2,2,8,7.2,0,1.8,1,2,0,0.205,2,0,0,0,0,7.2,1.8,6.49
22,"Zane
                                                                        Brown",Zane Brown,Full Count Rhythm,FCR,Zane Brown (FCR),Fr,RHP,14,No,2,2,0,2,0,0,9,8,4,3,4,13,13,1,3,1.33,3,0,0.222,1,1,0,0,0,8,4,7.72
24,"Colton
                                                                        Regen",Colton Regen,Full Count Rhythm,FCR,Colton Regen (FCR),Jr,RHP,14,No,2,2,0,0,0,0,7.67,4,4,4,7,12,14.09,0,4.7,1.43,2,0,0.167,4,2,0,0,0,4.69,8.21,7.89
7,"Carson
                                                                        Howard",Carson Howard,Full Count Rhythm,FCR,Carson Howard (FCR),Jr,RHP,14,No,3,2,0,1,0,0,7,8,9,9,5,8,10.29,0,11.57,1.86,1,0,0.308,1,1,0,1,1,10.29,6.43,7.78
30,"Raleigh
                                                                        Claunch",Raleigh Claunch,Full Count Rhythm,FCR,Raleigh Claunch (FCR),So,RHP,14,No,4,0,0,0,0,0,6.67,7,3,3,6,8,10.8,0,4.05,1.95,2,0,0.292,0,3,0,0,1,9.45,8.1,9.14
18,"Ryan
                                                                        Sweeney",Ryan Sweeney,Full Count Rhythm,FCR,Ryan Sweeney (FCR),Fr,RHP,14,No,5,0,0,0,0,0,6.67,2,4,2,9,12,16.2,0,2.7,1.65,1,0,0.105,1,2,0,0,1,2.7,12.14,8.84
29,"James
                                                                        Fordham",James Fordham,Full Count Rhythm,FCR,James Fordham (FCR),Fr,RHP,14,No,4,1,1,0,0,0,6,5,4,4,6,13,19.5,0,6,1.83,0,0,0.208,3,0,2,0,0,7.5,9,6.16
13,"Jackson
                                                                        Marbet",Jackson Marbet,Full Count Rhythm,FCR,Jackson Marbet (FCR),So,RHP,14,No,3,0,1,1,0,0,6,7,9,6,4,7,10.5,3,9,1.83,0,0,0.28,0,1,0,1,0,10.5,6,14.16
23,"Jacob
                                                                        Newman",Jacob Newman,Full Count Rhythm,FCR,Jacob Newman (FCR),Jr,RHP,14,No,3,1,0,3,0,0,6,8,13,12,5,7,10.5,0,18,2.17,1,0,0.308,2,5,0,0,0,12,7.5,10.16
8,"Andrew
                                                                        Perry",Andrew Perry,Full Count Rhythm,FCR,Andrew Perry (FCR),Fr,LHP,14,No,4,0,1,0,0,0,5.67,4,4,4,4,10,15.88,0,6.35,1.41,1,0,0.19,2,1,0,0,0,6.35,6.35,6.61
41,"JD
                                                                        Price",JD Price,Full Count Rhythm,FCR,JD Price (FCR),Jr,RHP,14,No,4,0,0,0,0,0,5,12,14,11,7,7,12.6,1,19.8,3.8,0,0,0.429,2,2,0,0,0,21.6,12.6,12.69
45,"Noah
                                                                        Berry",Noah Berry,Full Count Rhythm,FCR,Noah Berry (FCR),Fr,RHP,14,No,3,0,0,1,1,0,4.33,7,4,4,4,4,8.31,0,8.31,2.54,2,0,0.368,1,1,0,0,0,14.55,8.31,9.11
17,"Nathaniel
                                                                        Pulliam",Nathaniel Pulliam,Full Count Rhythm,FCR,Nathaniel Pulliam (FCR),Fr,RHP,14,No,3,0,0,0,0,0,4.33,6,5,5,5,4,8.31,1,10.38,2.54,0,1,0.333,4,1,0,0,1,12.47,10.39,12.81
19,"Trey
                                                                        Sanders",Trey Sanders,Full Count Rhythm,FCR,Trey Sanders (FCR),So,RHP,14,No,2,0,0,0,0,0,4,3,1,1,2,2,4.5,0,2.25,1.25,1,0,0.214,1,0,0,0,0,6.75,4.5,7.99
36,"Caleb
                                                                        Guisewite",Caleb Guisewite,Full Count Rhythm,FCR,Caleb Guisewite (FCR),Jr,RHP,14,No,2,0,0,0,0,0,2,2,2,2,1,4,18,0,9,1.5,0,0,0.25,1,1,0,0,0,9,4.5,6.49
38,"Gage
                                                                        Vota",Gage Vota,Full Count Rhythm,FCR,Gage Vota (FCR),Fr,RHP,14,No,1,0,0,0,0,0,2,0,2,2,5,1,4.5,0,9,2.5,0,0,0,0,0,0,1,0,0,22.5,13.99
43,"Will
                                                                        Dugan",Will Dugan,Full Count Rhythm,FCR,Will Dugan (FCR),Fr,RHP,14,No,2,0,0,0,0,0,1,0,1,1,6,0,0,0,9,6,0,0,0,1,0,0,0,0,0,54,25.49
4,"David
                                                                        Andolina",David Andolina,Illinois Valley Pistol Shrimp,IVY,David Andolina (IVY),So,RHP,14,No,3,2,0,0,0,0,8.67,10,7,7,6,16,16.62,0,7.27,1.85,3,0,0.303,1,4,0,2,0,10.38,6.23,7.26
8,"Daniel
                                                                        Strohm",Daniel Strohm,Illinois Valley Pistol Shrimp,IVY,Daniel Strohm (IVY),Fr,LHP,14,No,3,0,0,0,0,0,4,5,5,5,6,2,4.5,0,11.25,2.75,0,0,0.313,0,0,0,1,0,11.25,13.5,10.99
10,"Anthony
                                                                        Solis",Anthony Solis,Illinois Valley Pistol Shrimp,IVY,Anthony Solis (IVY),Fr,RHP,14,No,4,1,2,1,0,0,11,9,6,3,5,12,9.82,1,2.45,1.27,2,0,0.225,2,1,2,0,0,7.36,4.09,8.13
11,"Joseph
                                                                        Martin",Joseph Martin,Illinois Valley Pistol Shrimp,IVY,Joseph Martin (IVY),Fr,RHP,14,No,3,3,0,0,0,0,10,4,4,4,9,12,10.8,0,3.6,1.3,1,0,0.118,0,3,0,0,0,3.6,8.1,8.69
14,"Jeffrey
                                                                        Behrends",Jeffrey Behrends,Illinois Valley Pistol Shrimp,IVY,Jeffrey Behrends (IVY),Jr,LHP,14,No,2,0,0,0,0,0,2.67,1,5,4,3,5,16.88,0,13.5,1.5,0,0,0.1,0,2,0,0,0,3.37,10.11,9.37
16,"Grant
                                                                        Holderfield",Grant Holderfield,Illinois Valley Pistol Shrimp,IVY,Grant Holderfield (IVY),So,LHP,14,Yes,3,2,2,1,0,0,17,8,3,1,4,17,9,0,0.53,0.71,1,1,0.138,0,2,0,0,0,4.24,2.12,6.55
17,"Kolton
                                                                        Floor",Kolton Floor,Illinois Valley Pistol Shrimp,IVY,Kolton Floor (IVY),Fr,RHP,14,No,2,0,0,0,0,0,2,5,4,4,3,1,4.5,0,18,4,0,0,0.5,3,2,0,1,0,22.5,13.5,13.99
20,"Johnny
                                                                        Riva",Johnny Riva,Illinois Valley Pistol Shrimp,IVY,Johnny Riva (IVY),So,LHP,14,No,2,0,0,2,0,0,1,2,9,9,8,1,9,0,81,10,1,0,0.667,2,2,0,1,0,18,72,35.49
22,"Jared
                                                                        Herzog",Jared Herzog,Illinois Valley Pistol Shrimp,IVY,Jared Herzog (IVY),Sr,LHP,14,No,4,2,1,0,0,0,7,2,1,1,3,13,16.71,1,1.29,0.71,0,0,0.095,0,0,0,0,1,2.57,3.86,6.92
23,"Taylor
                                                                        Waldron",Taylor Waldron,Illinois Valley Pistol Shrimp,IVY,Taylor Waldron (IVY),Fr,RHP,14,No,3,1,0,0,0,0,11.33,7,2,0,0,16,12.71,0,0,0.62,0,2,0.212,0,0,0,0,0,5.56,0,4.67
24,"Payton
                                                                        Knoll",Payton Knoll,Illinois Valley Pistol Shrimp,IVY,Payton Knoll (IVY),Fr,LHP,14,No,2,0,0,0,0,0,2.67,3,7,7,4,5,16.88,0,23.63,2.63,2,1,0.3,3,4,0,0,0,10.11,13.48,12.74
26,"Henry
                                                                        Rouch",Henry Rouch,Illinois Valley Pistol Shrimp,IVY,Henry Rouch (IVY),Fr,RHP,14,No,2,1,0,0,0,0,3.67,2,1,1,4,0,0,0,2.45,1.64,0,0,0.2,1,2,0,1,0,4.9,9.81,12.4
28,"Finn
                                                                        O'Meara",Finn O'Meara,Illinois Valley Pistol Shrimp,IVY,Finn O'Meara (IVY),Fr,RHP,14,No,3,0,0,0,0,0,2.67,6,9,6,3,4,13.5,0,20.25,3.38,0,0,0.429,0,1,0,0,1,20.22,10.11,8.99
30,"Kyle
                                                                        Rossy",Kyle Rossy,Illinois Valley Pistol Shrimp,IVY,Kyle Rossy (IVY),Fr,RHP,14,No,3,1,0,0,0,0,4,3,6,5,9,4,9,0,11.25,3,0,0,0.188,2,4,0,1,0,6.75,20.25,15.24
40,"Kyler
                                                                        Miritello",Kyler Miritello,Illinois Valley Pistol Shrimp,IVY,Kyler Miritello (IVY),Fr,RHP,14,No,2,1,0,0,0,0,1.33,0,5,4,6,3,20.25,0,27,4.5,0,0,0,0,0,0,0,0,0,40.6,16.52
45,"Joe
                                                                        Richardson",Joe Richardson,Illinois Valley Pistol Shrimp,IVY,Joe Richardson (IVY),Fr,LHP,14,No,2,0,1,0,0,0,5,7,1,1,0,3,5.4,0,1.8,1.4,1,0,0.333,0,1,0,0,0,12.6,0,6.89
56,"Josh
                                                                        Katz",Josh Katz,Illinois Valley Pistol Shrimp,IVY,Josh Katz (IVY),Fr,RHP,14,No,1,0,0,0,0,0,1,0,0,0,1,3,27,0,0,1,0,0,0,0,0,0,0,0,0,9,4.49
66,"Tate
                                                                        Foxson",Tate Foxson,Illinois Valley Pistol Shrimp,IVY,Tate Foxson (IVY),Fr,RHP,14,No,2,0,1,0,0,0,5,4,4,4,3,6,10.8,1,7.2,1.4,0,0,0.222,1,0,0,0,0,7.2,5.4,9.49
70,"Daniel
                                                                        Castro",Daniel Castro,Illinois Valley Pistol Shrimp,IVY,Daniel Castro (IVY),Jr,RHP,14,No,2,0,0,0,0,0,5,8,3,3,2,6,10.8,0,5.4,2,0,0,0.381,0,0,0,1,0,14.4,3.6,6.29
71,"Andrew
                                                                        Ressler",Andrew Ressler,Illinois Valley Pistol Shrimp,IVY,Andrew Ressler (IVY),Fr,RHP,14,No,2,0,2,0,0,0,5.67,7,4,1,1,4,6.35,0,1.59,1.41,1,0,0.304,2,0,0,0,1,11.11,1.59,6.61
72,"Evan
                                                                        Clark",Evan Clark,Illinois Valley Pistol Shrimp,IVY,Evan Clark (IVY),Jr,LHP,14,No,1,0,0,0,0,0,1,0,0,0,0,2,18,0,0,0,0,0,0,0,0,0,0,0,0,0,3.49
99,"Jackson
                                                                        Peeler",Jackson Peeler,Illinois Valley Pistol Shrimp,IVY,Jackson Peeler (IVY),Fr,RHP,14,No,3,0,1,0,1,0,5.67,1,2,0,3,11,17.47,0,0,0.71,0,0,0.053,1,0,0,0,0,1.59,4.76,5.2
1,"Merik
                                                                        Carter",Merik Carter,Jackson Rockabillys,JAX,Merik Carter (JAX),So,IF,13,No,1,0,0,0,0,0,1,1,0,0,0,1,9,0,0,1,1,0,0.25,0,0,0,0,0,9,0,5.49
2,"Taylor
                                                                        Vinson",Taylor Vinson,Jackson Rockabillys,JAX,Taylor Vinson (JAX),Fr,RHP,13,No,3,0,1,0,0,0,4.67,8,6,6,5,7,13.5,2,11.57,2.79,2,1,0.381,2,1,0,0,0,15.42,9.64,13.92
5,"Walker
                                                                        Williams",Walker Williams,Jackson Rockabillys,JAX,Walker Williams (JAX),Jr,LHP,13,No,3,0,0,0,0,0,4.67,4,2,2,6,5,9.64,0,3.86,2.14,1,0,0.235,2,0,0,0,0,7.71,11.56,9.21
8,"Matt
                                                                        Maloney",Matt Maloney,Jackson Rockabillys,JAX,Matt Maloney (JAX),Jr,RHP,13,No,3,3,1,1,0,0,11.67,14,10,9,12,10,7.71,0,6.94,2.23,3,0,0.311,5,3,0,0,0,10.8,9.25,9.64
9,"Ethan
                                                                        Orwig",Ethan Orwig,Jackson Rockabillys,JAX,Ethan Orwig (JAX),Jr,RHP,13,No,4,0,2,0,0,0,5.33,2,0,0,4,14,23.63,0,0,1.13,1,0,0.111,0,0,0,0,0,3.38,6.75,4.49
12,"Nathaniel
                                                                        Helton",Nathaniel Helton,Jackson Rockabillys,JAX,Nathaniel Helton (JAX),So,RHP,13,No,6,0,0,0,0,0,8,6,6,5,5,12,13.5,2,5.63,1.38,1,0,0.194,0,2,0,0,0,6.75,5.63,10.37
13,"Coby
                                                                        Rogers",Coby Rogers,Jackson Rockabillys,JAX,Coby Rogers (JAX),Jr,RHP,13,No,2,2,0,1,0,0,10,11,11,9,6,9,8.1,2,8.1,1.7,2,0,0.282,1,3,1,1,1,9.9,5.4,10.99
14,"Jett
                                                                        Sutton",Jett Sutton,Jackson Rockabillys,JAX,Jett Sutton (JAX),Fr,RHP,13,No,2,2,0,0,0,0,8,5,2,2,7,7,7.88,0,2.25,1.5,1,0,0.172,1,1,0,0,0,5.63,7.88,8.74
15,"Matthew
                                                                        Riley",Matthew Riley,Jackson Rockabillys,JAX,Matthew Riley (JAX),Jr,LHP,13,Yes,3,3,1,0,0,0,17.33,12,9,8,8,12,6.23,0,4.15,1.15,2,1,0.19,1,3,0,0,1,6.23,4.15,8.01
18,"Kamden
                                                                        Croghan",Kamden Croghan,Jackson Rockabillys,JAX,Kamden Croghan (JAX),FR,,13,No,7,0,0,1,0,0,11,14,13,13,7,10,8.18,0,10.64,1.91,5,1,0.304,2,2,0,1,0,11.45,5.73,8.13
21,"Peyton
                                                                        Ring",Peyton Ring,Jackson Rockabillys,JAX,Peyton Ring (JAX),So,LHP,13,No,3,0,0,0,0,0,4.33,3,5,5,7,6,12.46,0,10.38,2.31,0,0,0.2,1,5,0,0,0,6.24,14.55,13.04
22,"Jaxson
                                                                        Lucas",Jaxson Lucas,Jackson Rockabillys,JAX,Jaxson Lucas (JAX),Sr,RHP,13,No,5,0,0,0,4,0,6,2,1,1,2,6,9,0,1.5,0.67,0,0,0.1,0,1,0,0,0,3,3,6.99
23,"Cole
                                                                        Evans",Cole Evans,Jackson Rockabillys,JAX,Cole Evans (JAX),Fr,RHP,13,No,2,2,0,0,0,0,7.67,12,12,12,7,9,10.57,0,14.09,2.48,3,0,0.343,2,4,0,0,0,14.08,8.21,9.45
25,"Trey
                                                                        Watson",Trey Watson,Jackson Rockabillys,JAX,Trey Watson (JAX),Jr,RHP,13,No,2,2,1,1,0,0,11.67,9,4,3,4,8,6.17,1,2.31,1.11,0,1,0.2,1,0,0,0,0,6.94,3.08,8.27
29,"Quincy
                                                                        Thornton",Quincy Thornton,Jackson Rockabillys,JAX,Quincy Thornton (JAX),So,RHP,13,No,1,0,0,0,0,0,1,0,0,0,1,2,18,0,0,1,0,0,0,0,1,0,0,0,0,9,9.49
36,"Stan
                                                                        King",Stan King,Jackson Rockabillys,JAX,Stan King (JAX),Jr,IF,13,No,2,0,0,0,0,0,1.33,1,1,0,2,1,6.75,0,0,2.25,1,0,0.167,1,0,0,0,0,6.77,13.53,10.5
40,"Patrick
                                                                        Green",Patrick Green,Jackson Rockabillys,JAX,Patrick Green (JAX),Jr,LHP,13,No,2,0,2,0,0,0,4,2,1,1,2,3,6.75,0,2.25,1,1,0,0.167,0,1,0,0,0,4.5,4.5,8.24
91,"Story
                                                                        Kimura",Story Kimura,Jackson Rockabillys,JAX,Story Kimura (JAX),Sr,,13,No,4,0,1,1,0,0,3,3,4,3,4,4,12,0,9,2.33,0,1,0.273,2,2,0,0,0,9,12,10.83
20,"George
                                                                        Henkel",George Henkel,Johnstown Mill Rats,JNT,George Henkel (JNT),So,RHP,14,No,3,2,1,0,0,0,12,5,4,3,5,13,9.75,0,2.25,0.83,0,0,0.116,3,6,0,0,0,3.75,3.75,8.08
36,"Graeme
                                                                        Rios",Graeme Rios,Johnstown Mill Rats,JNT,Graeme Rios (JNT),So,RHP,14,No,2,2,1,1,0,0,10.67,14,6,6,3,3,2.53,0,5.06,1.59,1,0,0.341,0,4,0,0,1,11.81,2.53,8.9
12,"Matthew
                                                                        Benton",Matthew Benton,Johnstown Mill Rats,JNT,Matthew Benton (JNT),Jr,RHP,14,No,4,0,1,0,0,0,8,10,5,5,4,3,3.38,0,5.63,1.75,3,1,0.313,2,2,0,1,0,11.25,4.5,8.99
25,"Zach
                                                                        Sharshel",Zach Sharshel,Johnstown Mill Rats,JNT,Zach Sharshel (JNT),Fr,RHP,14,No,2,2,0,1,0,0,8,5,6,6,4,12,13.5,0,6.75,1.13,1,1,0.167,2,2,0,0,0,5.63,4.5,6.74
32,"Conor
                                                                        Thiele",Conor Thiele,Johnstown Mill Rats,JNT,Conor Thiele (JNT),Jr,RHP,14,No,5,0,1,0,0,0,8,11,7,6,4,6,6.75,0,6.75,1.88,2,0,0.344,1,3,2,1,0,12.38,4.5,8.62
24,"Will
                                                                        Juday",Will Juday,Johnstown Mill Rats,JNT,Will Juday (JNT),Fr,RHP,14,No,4,0,0,0,0,0,7.33,6,2,1,2,10,12.27,0,1.23,1.09,2,0,0.207,1,2,0,0,0,7.37,2.46,6.4
29,"Ian
                                                                        Korn",Ian Korn,Johnstown Mill Rats,JNT,Ian Korn (JNT),So,RHP,14,No,2,2,0,1,0,0,6.67,6,3,3,2,14,18.9,1,4.05,1.2,0,0,0.24,2,0,0,0,0,8.1,2.7,6.15
16,"Liam
                                                                        Royster",Liam Royster,Johnstown Mill Rats,JNT,Liam Royster (JNT),So,RHP,14,No,4,0,2,0,0,0,6.67,2,1,1,4,4,5.4,0,1.35,0.9,0,0,0.091,0,3,0,0,0,2.7,5.4,9.44
27,"Mac
                                                                        Yarbrough",Mac Yarbrough,Johnstown Mill Rats,JNT,Mac Yarbrough (JNT),So,LHP,14,No,5,0,1,0,2,0,6.67,2,3,1,8,12,16.2,0,1.35,1.5,1,1,0.095,3,0,0,0,1,2.7,10.79,7.49
30,"Willam
                                                                        Oczkowski",Willam Oczkowski,Johnstown Mill Rats,JNT,Willam Oczkowski (JNT),So,RHP,14,No,4,0,0,0,1,0,6,6,1,1,3,4,6,0,1.5,1.5,2,0,0.25,0,1,0,0,0,9,4.5,8.16
40,"Nathan
                                                                        Vidmar",Nathan Vidmar,Johnstown Mill Rats,JNT,Nathan Vidmar (JNT),So,RHP,14,No,2,1,0,1,0,0,5.67,7,5,4,3,1,1.59,0,6.35,1.76,1,0,0.292,3,1,0,0,0,11.11,4.76,9.26
11,"Seth
                                                                        Stover",Seth Stover,Johnstown Mill Rats,JNT,Seth Stover (JNT),Fr,RHP,14,No,3,0,0,0,0,0,5.33,3,3,3,6,3,5.06,0,5.06,1.69,0,0,0.188,0,0,0,1,0,5.07,10.13,9.75
22,"Scott
                                                                        Templeton",Scott Templeton,Johnstown Mill Rats,JNT,Scott Templeton (JNT),Jr,LHP,14,No,2,1,0,0,0,0,5,3,1,1,0,4,7.2,0,1.8,0.6,0,0,0.176,0,2,0,0,1,5.4,0,7.09
1,"Tyler
                                                                        Elliott",Tyler Elliott,Johnstown Mill Rats,JNT,Tyler Elliott (JNT),Fr,RHP,14,No,4,0,1,0,1,0,4.33,3,3,3,2,5,10.38,0,6.23,1.15,1,0,0.188,0,2,0,0,0,6.24,4.16,7.96
37,"Brock
                                                                        Depute",Brock Depute,Johnstown Mill Rats,JNT,Brock Depute (JNT),Jr,RHP,14,No,4,0,0,0,0,0,4,1,0,0,4,3,6.75,0,0,1.25,1,0,0.091,1,2,0,0,1,2.25,9,10.49
3,"Elijah
                                                                        Wiles",Elijah Wiles,Johnstown Mill Rats,JNT,Elijah Wiles (JNT),Jr,RHP,14,No,2,2,0,1,0,0,3.33,9,7,7,5,0,0,0,18.9,4.2,2,0,0.563,1,1,0,0,0,24.32,13.51,12.9
31,"Zach
                                                                        Dellerman",Zach Dellerman,Johnstown Mill Rats,JNT,Zach Dellerman (JNT),So,RHP,14,No,2,0,0,0,0,0,2,4,9,8,5,0,0,0,36,4.5,3,0,0.5,1,1,0,0,0,18,22.5,16.49
35,"Charlie
                                                                        Sindahl",Charlie Sindahl,Johnstown Mill Rats,JNT,Charlie Sindahl (JNT),Fr,RHP,14,No,2,0,0,0,0,0,2,1,2,2,6,0,0,0,9,3.5,0,0,0.167,0,0,0,0,0,4.5,27,16.49
23,"Owen
                                                                        Wilfong",Owen Wilfong,Johnstown Mill Rats,JNT,Owen Wilfong (JNT),So,RHP,14,No,3,1,0,1,0,0,2,5,10,9,7,4,18,0,40.5,6,0,0,0.5,1,2,0,1,0,22.5,31.5,16.99
14,"Giancarlo
                                                                        Lamberti",Giancarlo Lamberti,Johnstown Mill Rats,JNT,Giancarlo Lamberti (JNT),Fr,RHP,14,No,1,0,0,0,0,0,1,1,3,3,4,1,9,0,27,5,1,0,0.25,2,1,0,0,0,9,36,20.49
8,"Jack
                                                                        Newman",Jack Newman,Johnstown Mill Rats,JNT,Jack Newman (JNT),Fr,IF,14,No,1,0,0,0,0,0,1,1,1,1,1,1,9,0,9,2,1,0,0.333,0,1,0,0,0,9,9,11.49
21,"Coley
                                                                        Stevens",Coley Stevens,Lafayette Aviators,LAF,Coley Stevens (LAF),Jr,RHP,14,Yes,3,3,1,1,0,0,16,20,9,9,2,8,4.5,0,5.06,1.38,4,1,0.317,0,4,0,0,0,11.25,1.13,7.62
38,"Zach
                                                                        Wyatt",Zach Wyatt,Lafayette Aviators,LAF,Zach Wyatt (LAF),Fr,RHP,14,No,2,2,1,1,0,0,11,16,8,6,2,7,5.73,2,4.91,1.64,2,0,0.34,0,1,0,0,0,13.09,1.64,9.4
7,"Elliott
                                                                        Rossell",Elliott Rossell,Lafayette Aviators,LAF,Elliott Rossell (LAF),Fr,RHP,14,No,2,2,0,1,0,1,9,4,5,2,6,4,4,0,2,1.11,1,0,0.129,1,1,0,0,0,4,6,8.94
45,"Evan
                                                                        Cooke",Evan Cooke,Lafayette Aviators,LAF,Evan Cooke (LAF),Fr,RHP,14,No,2,1,1,0,0,0,8.67,5,3,3,4,10,10.38,0,3.12,1.04,3,0,0.167,0,0,0,0,1,5.19,4.15,6.57
28,"Michael
                                                                        Castaneda",Michael Castaneda,Lafayette Aviators,LAF,Michael Castaneda (LAF),Fr,RHP,14,No,3,0,0,0,0,0,8.33,7,4,4,4,9,9.72,0,4.32,1.32,1,0,0.226,1,1,1,0,1,7.56,4.32,7.13
29,"Corbin
                                                                        Payne",Corbin Payne,Lafayette Aviators,LAF,Corbin Payne (LAF),Fr,LHP,14,No,3,0,1,0,0,0,7.33,0,1,1,5,12,14.73,0,1.23,0.68,0,0,0,1,3,0,0,0,0,6.14,7.49
22,"Jeremy
                                                                        Crider",Jeremy Crider,Lafayette Aviators,LAF,Jeremy Crider (LAF),Fr,RHP,14,No,5,0,0,0,1,0,6.67,9,4,0,5,7,9.45,0,0,2.1,0,0,0.31,2,2,0,0,0,12.14,6.75,8.54
1,"Gannon
                                                                        Wentz",Gannon Wentz,Lafayette Aviators,LAF,Gannon Wentz (LAF),Fr,RHP,14,No,4,0,2,1,0,0,6.33,1,2,2,5,10,14.21,0,2.84,0.95,1,0,0.056,1,0,0,0,1,1.42,7.11,6.7
13,"Ty
                                                                        Bradle",Ty Bradle,Lafayette Aviators,LAF,Ty Bradle (LAF),Fr,RHP,14,No,2,1,0,1,0,0,6,5,5,5,9,3,4.5,0,7.5,2.33,1,1,0.263,0,1,0,2,0,7.5,13.5,11.49
39,"Elijah
                                                                        Griffith",Elijah Griffith,Lafayette Aviators,LAF,Elijah Griffith (LAF),Fr,RHP,14,No,2,2,0,2,0,0,6,10,10,8,6,4,6,1,12,2.67,2,0,0.345,1,0,0,0,0,15,9,11.33
24,"Jonathan
                                                                        Phipps",Jonathan Phipps,Lafayette Aviators,LAF,Jonathan Phipps (LAF),So,RHP,14,No,2,1,0,0,0,0,6,9,9,9,5,7,10.5,1,13.5,2.33,0,0,0.333,0,5,0,0,0,13.5,7.5,12.33
23,"Eric
                                                                        Tenery",Eric Tenery,Lafayette Aviators,LAF,Eric Tenery (LAF),Fr,LHP,14,No,2,2,0,1,0,0,5.67,9,8,8,4,6,9.53,2,12.71,2.29,2,0,0.375,0,0,0,0,1,14.29,6.35,12.08
32,"Owen
                                                                        Norris",Owen Norris,Lafayette Aviators,LAF,Owen Norris (LAF),Fr,LHP,14,No,2,0,0,0,1,0,5,6,4,4,3,8,14.4,2,7.2,1.8,0,0,0.3,1,1,0,0,0,10.8,5.4,11.89
33,"Sam
                                                                        Corbett",Sam Corbett,Lafayette Aviators,LAF,Sam Corbett (LAF),Sr,LHP,14,No,2,0,0,0,0,0,4,8,5,4,1,3,6.75,1,9,2.25,1,0,0.421,0,0,0,1,0,18,2.25,9.99
2,"Caden
                                                                        Wilburn",Caden Wilburn,Lafayette Aviators,LAF,Caden Wilburn (LAF),So,LHP,14,No,3,0,0,0,0,0,4,6,8,8,1,8,18,2,18,1.75,1,0,0.333,2,3,0,0,0,13.5,2.25,12.99
20,"Brooks
                                                                        Sailors",Brooks Sailors,Lafayette Aviators,LAF,Brooks Sailors (LAF),Jr,C,14,No,1,0,0,0,0,0,0.67,2,1,1,0,1,13.5,0,13.5,3,0,0,0.5,1,0,0,0,0,26.87,0,4.51
15,"Slater
                                                                        Wilcox",Slater Wilcox,Normal CornBelters,NOR,Slater Wilcox (NOR),Fr,RHP,15,No,3,3,1,0,0,0,13,10,3,3,6,19,13.15,0,2.08,1.23,2,0,0.208,0,3,0,0,0,6.92,4.15,6.65
19,"Logan
                                                                        Barnett",Logan Barnett,Normal CornBelters,NOR,Logan Barnett (NOR),Fr,RHP,15,No,6,0,0,0,1,0,11.67,4,1,1,3,9,6.94,0,0.77,0.6,0,0,0.105,2,1,0,0,0,3.08,2.31,6.98
23,"Graham
                                                                        Kasey",Graham Kasey,Normal CornBelters,NOR,Graham Kasey (NOR),So,LHP,15,No,3,3,1,2,0,0,11.33,9,7,3,10,14,11.12,0,2.38,1.68,0,1,0.29,0,2,0,0,0,7.15,7.94,8.2
21,"Zach
                                                                        Courson",Zach Courson,Normal CornBelters,NOR,Zach Courson (NOR),So,RHP,15,No,4,1,0,0,0,0,10,6,2,2,2,12,10.8,0,1.8,0.8,0,0,0.25,1,2,0,0,0,5.4,1.8,6.29
11,"Cole
                                                                        Martz",Cole Martz,Normal CornBelters,NOR,Cole Martz (NOR),Fr,RHP,15,No,2,2,0,1,0,0,7.67,7,5,4,4,10,11.74,1,4.7,1.43,1,1,0.25,0,3,0,0,0,8.21,4.69,9.32
34,"Lane
                                                                        Funneman",Lane Funneman,Normal CornBelters,NOR,Lane Funneman (NOR),Jr,LHP,15,No,2,2,0,1,0,0,7.33,14,10,9,3,4,4.91,0,11.05,2.32,2,0,0.412,1,2,0,0,0,17.19,3.68,8.45
20,"Alex
                                                                        McHale",Alex McHale,Normal CornBelters,NOR,Alex McHale (NOR),Fr,RHP,15,No,5,0,1,0,0,0,7.33,14,6,5,1,6,7.36,0,6.14,2.05,3,0,0.389,3,1,1,0,0,17.19,1.23,6.68
35,"Austin
                                                                        Berggren",Austin Berggren,Normal CornBelters,NOR,Austin Berggren (NOR),So,RHP,15,No,1,0,1,0,0,0,6,4,0,0,1,8,12,0,0,0.83,0,0,0.19,1,0,0,0,0,6,1.5,5.33
22,"Zach
                                                                        O'Donnell",Zach O'Donnell,Normal CornBelters,NOR,Zach O'Donnell (NOR),So,LHP,15,No,5,0,1,0,0,0,5.67,3,1,1,2,6,9.53,0,1.59,0.88,0,0,0.2,0,0,0,0,0,4.76,3.17,6.44
32,"Malachi
                                                                        Paplanus",Malachi Paplanus,Normal CornBelters,NOR,Malachi Paplanus (NOR),Fr,RHP,15,No,2,0,1,0,0,0,5.67,5,4,4,2,4,6.35,0,6.35,1.24,1,0,0.227,0,2,0,0,0,7.94,3.17,8.2
33,"David
                                                                        Smith",David Smith,Normal CornBelters,NOR,David Smith (NOR),So,RHP,15,No,6,0,0,0,0,0,5.67,7,8,8,5,9,14.29,0,12.71,2.12,0,0,0.292,0,1,0,0,0,11.11,7.94,7.49
2,"Tyler
                                                                        Altenbaumer",Tyler Altenbaumer,Normal CornBelters,NOR,Tyler Altenbaumer (NOR),So,RHP,15,No,4,1,0,0,0,0,5,11,12,8,6,8,14.4,0,14.4,3.4,1,0,0.393,1,1,0,0,0,19.8,10.8,8.49
12,"Peyton
                                                                        Niksch",Peyton Niksch,Normal CornBelters,NOR,Peyton Niksch (NOR),Fr,RHP,15,No,1,1,0,1,0,0,5,5,1,1,0,6,10.8,0,1.8,1,0,0,0.25,0,0,0,0,0,9,0,5.09
31,"Trey
                                                                        Bryant",Trey Bryant,Normal CornBelters,NOR,Trey Bryant (NOR),Jr,RHP,15,No,6,0,0,0,0,0,4.67,11,6,6,2,3,5.79,1,11.57,2.79,2,1,0.579,0,1,0,1,0,21.2,3.85,10.92
25,"Nick
                                                                        Rainey",Nick Rainey,Normal CornBelters,NOR,Nick Rainey (NOR),So,RHP,15,No,5,0,0,1,0,0,4.33,4,6,4,4,5,10.38,0,8.31,1.85,2,0,0.222,1,0,0,0,0,8.31,8.31,7.96
10,"PJ
                                                                        Rogan",PJ Rogan,Normal CornBelters,NOR,PJ Rogan (NOR),Fr,LHP,15,No,2,0,0,0,0,0,4,7,3,3,1,2,4.5,0,6.75,2,2,0,0.5,0,1,0,1,2,15.75,2.25,7.99
39,"Drake
                                                                        Downing",Drake Downing,Normal CornBelters,NOR,Drake Downing (NOR),Jr,RHP,15,No,1,1,0,1,0,0,3.33,2,2,1,3,1,2.7,0,2.7,1.5,1,1,0.167,0,0,0,0,1,5.41,8.11,9.6
8,"Ryne
                                                                        Willard",Ryne Willard,Normal CornBelters,NOR,Ryne Willard (NOR),So,LHP,15,No,4,0,0,0,0,0,2.67,2,0,0,3,4,13.5,0,0,1.88,0,0,0.222,0,0,0,0,0,6.74,10.11,7.87
99,"Alex
                                                                        Willey",Alex Willey,Normal CornBelters,NOR,Alex Willey (NOR),So,RHP,15,No,3,0,0,1,0,0,2.67,1,2,2,4,4,13.5,0,6.75,1.88,1,0,0.111,3,1,0,0,0,3.37,13.48,10.12
37,"Lucas
                                                                        Winburn",Lucas Winburn,Normal CornBelters,NOR,Lucas Winburn (NOR),Fr,RHP,15,No,1,0,0,1,0,0,0,0,1,0,1,0,0,0,0,0,0,0,0,0,0,0,0,0,0,0,0
2,"Kade
                                                                        Wood",Kade Wood,O'Fallon Hoots,OFL,Kade Wood (OFL),Sr,IF,15,No,2,0,0,0,0,0,1.33,1,1,1,1,2,13.5,0,6.75,1.5,1,0,0.2,0,0,0,0,0,6.77,6.77,6.74
8,"Christian
                                                                        Harvey",Christian Harvey,O'Fallon Hoots,OFL,Christian Harvey (OFL),So,RHP,15,No,5,0,1,1,0,0,8.67,5,6,5,7,13,13.5,0,5.19,1.38,1,0,0.167,1,1,0,1,0,5.19,7.27,7.26
12,"Eddie
                                                                        Ahearn",Eddie Ahearn,O'Fallon Hoots,OFL,Eddie Ahearn (OFL),Fr,C,15,No,4,0,0,0,0,0,8,8,1,1,2,6,6.75,1,1.13,1.25,1,0,0.25,0,0,0,0,0,9,2.25,8.37
16,"Peter
                                                                        Underwood",Peter Underwood,O'Fallon Hoots,OFL,Peter Underwood (OFL),Fr,RHP,15,No,3,3,1,0,0,0,13,9,8,5,7,9,6.23,1,3.46,1.23,2,1,0.196,2,1,0,0,1,6.23,4.85,8.96
20,"Daniel
                                                                        Darin",Daniel Darin,O'Fallon Hoots,OFL,Daniel Darin (OFL),Fr,LHP,15,No,4,0,0,0,0,0,4.67,6,4,4,5,5,9.64,0,7.71,2.36,1,0,0.316,0,2,0,0,0,11.56,9.64,9.85
21,"Ryan
                                                                        Hoshaw",Ryan Hoshaw,O'Fallon Hoots,OFL,Ryan Hoshaw (OFL),Jr,LHP,15,No,3,3,1,2,0,0,9.67,17,7,7,3,7,6.52,0,6.52,2.07,1,1,0.405,0,1,0,1,0,15.82,2.79,7.29
25,"Sam
                                                                        Cardwell",Sam Cardwell,O'Fallon Hoots,OFL,Sam Cardwell (OFL),Fr,RHP,15,No,4,0,0,0,0,0,4,12,15,14,6,5,11.25,0,31.5,4.5,2,0,0.5,1,3,0,0,0,27,13.5,11.74
27,"Markell
                                                                        Dixon",Markell Dixon,O'Fallon Hoots,OFL,Markell Dixon (OFL),Jr,RHP,15,No,5,0,2,0,1,0,7.33,4,0,0,5,11,13.5,0,0,1.23,0,0,0.16,1,1,0,0,0,4.91,6.14,6.95
29,"Brady
                                                                        Coon",Brady Coon,O'Fallon Hoots,OFL,Brady Coon (OFL),Fr,OF,15,No,2,0,1,0,0,0,4,4,2,2,3,4,9,1,4.5,1.75,1,0,0.267,1,0,0,0,0,9,6.75,10.99
31,"Andy
                                                                        Niebrugge",Andy Niebrugge,O'Fallon Hoots,OFL,Andy Niebrugge (OFL),Jr,IF,15,No,1,0,0,0,0,0,0.67,0,0,0,1,0,0,0,0,1.5,0,0,0,1,0,0,0,0,0,13.43,11.97
32,"Noah
                                                                        Cryns",Noah Cryns,O'Fallon Hoots,OFL,Noah Cryns (OFL),Fr,RHP,15,No,1,0,0,0,0,0,2,3,2,1,2,1,4.5,0,4.5,2.5,0,0,0.375,0,0,0,0,0,13.5,9,9.49
34,"Wyatt
                                                                        Brown",Wyatt Brown,O'Fallon Hoots,OFL,Wyatt Brown (OFL),Fr,RHP,15,No,1,0,0,0,0,0,0,2,5,4,2,0,0,1,1000,0,0,0,0.667,1,0,0,0,0,0,0,0
35,"Owen
                                                                        Kelly",Owen Kelly,O'Fallon Hoots,OFL,Owen Kelly (OFL),Fr,RHP,15,No,2,2,1,0,0,0,10,9,4,4,1,15,13.5,1,3.6,1,1,1,0.231,0,0,0,0,0,8.1,0.9,6.09
36,"Brayden
                                                                        Rubel",Brayden Rubel,O'Fallon Hoots,OFL,Brayden Rubel (OFL),Fr,LHP,15,No,5,1,0,1,1,0,9.67,7,9,9,8,7,6.52,1,8.38,1.55,1,0,0.206,2,1,0,1,0,6.51,7.45,10.18
37,"Connor
                                                                        McCaleb",Connor McCaleb,O'Fallon Hoots,OFL,Connor McCaleb (OFL),Fr,RHP,15,No,3,2,0,2,0,0,10.67,16,12,12,4,10,8.44,2,10.13,1.88,6,0,0.333,2,2,0,1,0,13.5,3.37,9.74
38,"Barrett
                                                                        Lohman",Barrett Lohman,O'Fallon Hoots,OFL,Barrett Lohman (OFL),So,RHP,15,No,3,2,0,0,0,0,8.33,6,2,2,3,7,7.56,0,2.16,1.08,0,0,0.214,0,0,0,1,0,6.48,3.24,6.89
39,"Camron
                                                                        Poe",Camron Poe,O'Fallon Hoots,OFL,Camron Poe (OFL),Fr,LHP,15,No,1,0,0,0,0,0,2,1,1,1,1,4,18,0,4.5,1,1,0,0.167,1,1,0,1,0,4.5,4.5,6.49
40,"Joshua
                                                                        Cunningham",Joshua Cunningham,O'Fallon Hoots,OFL,Joshua Cunningham (OFL),Fr,RHP,15,No,4,0,1,0,0,0,8,9,3,3,2,12,13.5,2,3.38,1.38,3,0,0.273,0,1,0,0,0,10.13,2.25,8.87
41,"Jackson
                                                                        Yarberry",Jackson Yarberry,O'Fallon Hoots,OFL,Jackson Yarberry (OFL),Fr,RHP,15,No,2,2,1,0,0,0,10,3,2,0,3,12,10.8,0,0,0.6,1,0,0.097,2,0,0,0,0,2.7,2.7,5.99
22,"Deron
                                                                        Swanson",Deron Swanson,REX Baseball,TER,Deron Swanson (TER),Jr,LHP,13,No,3,2,1,0,0,0,12.67,6,3,2,3,14,9.95,1,1.42,0.71,3,0,0.13,0,1,0,0,0,4.26,2.13,7.26
30,"Brett
                                                                        Sherrard",Brett Sherrard,REX Baseball,TER,Brett Sherrard (TER),Fr,RHP,13,No,3,1,1,0,0,0,11,9,5,5,1,18,14.73,1,4.09,0.91,1,0,0.209,1,0,0,0,0,7.36,0.82,5.68
26,"Landen
                                                                        Ray",Landen Ray,REX Baseball,TER,Landen Ray (TER),So,RHP,13,No,4,1,0,1,0,0,8.33,16,14,8,2,5,5.4,0,8.64,2.16,3,2,0.39,0,1,0,1,0,17.29,2.16,7.37
7,"Breyllin
                                                                        Suriel",Breyllin Suriel,REX Baseball,TER,Breyllin Suriel (TER),Jr,RHP,13,No,3,2,1,0,0,0,7.33,2,3,3,6,6,7.36,0,3.68,1.09,0,1,0.083,0,2,0,1,0,2.46,7.37,9.13
33,"Samuel
                                                                        Guadamuz",Samuel Guadamuz,REX Baseball,TER,Samuel Guadamuz (TER),So,RHP,13,No,2,2,0,1,0,0,7,14,8,8,5,7,9,2,10.29,2.71,2,0,0.438,2,2,0,1,0,18,6.43,12.21
29,"Kaleb
                                                                        Marrs",Kaleb Marrs,REX Baseball,TER,Kaleb Marrs (TER),Fr,RHP,13,No,2,2,0,0,0,0,7,4,1,1,4,4,5.14,0,1.29,1.14,2,0,0.182,0,1,0,1,0,5.14,5.14,8.49
4,"Aaron
                                                                        Moss",Aaron Moss,REX Baseball,TER,Aaron Moss (TER),So,RHP,13,No,2,1,0,1,0,0,7,9,2,1,0,10,12.86,0,1.29,1.29,1,0,0.3,0,0,0,0,0,11.57,0,4.64
32,"Jack
                                                                        Tobin",Jack Tobin,REX Baseball,TER,Jack Tobin (TER),So,RHP,13,No,5,0,1,1,1,0,6.67,12,10,7,6,3,4.05,1,9.45,2.7,1,1,0.387,0,3,0,1,0,16.19,8.1,12.59
36,"Dylan
                                                                        Zentko",Dylan Zentko,REX Baseball,TER,Dylan Zentko (TER),So,LHP,13,No,4,1,0,1,0,0,6.67,5,2,2,4,9,12.15,0,2.7,1.35,1,0,0.208,0,2,0,0,0,6.75,5.4,7.49
3,"Christian
                                                                        Brown",Christian Brown,REX Baseball,TER,Christian Brown (TER),Fr,LHP,13,No,4,0,0,1,0,0,6,3,5,3,7,10,15,0,4.5,1.67,0,0,0.143,0,2,0,0,0,4.5,10.5,8.66
21,"Zacheus
                                                                        Carr",Zacheus Carr,REX Baseball,TER,Zacheus Carr (TER),Jr,RHP,13,No,3,0,0,0,0,0,5.33,3,5,5,6,0,0,0,8.44,1.69,1,0,0.167,1,2,0,0,0,5.07,10.13,12
18,"Evan
                                                                        Chung",Evan Chung,REX Baseball,TER,Evan Chung (TER),So,RHP,13,No,4,0,0,0,0,0,5,6,8,6,5,4,7.2,0,10.8,2.2,2,0,0.316,0,2,0,2,1,10.8,9,10.09
9,"Anthony
                                                                        Jerrell",Anthony Jerrell,REX Baseball,TER,Anthony Jerrell (TER),So,RHP,13,No,3,0,1,0,0,0,5,3,3,2,4,3,5.4,0,3.6,1.4,0,1,0.2,0,2,0,0,0,5.4,7.2,9.89
20,"Tyler
                                                                        Moniz-Witten",Tyler Moniz-Witten,REX Baseball,TER,Tyler Moniz-Witten (TER),Jr,RHP,13,No,4,0,0,0,0,0,4.67,5,2,2,3,3,5.79,0,3.86,1.71,1,0,0.333,0,3,0,0,2,9.64,5.78,10.06
23,"Conner
                                                                        Fries",Conner Fries,REX Baseball,TER,Conner Fries (TER),Sr,RHP,13,No,1,1,0,1,0,0,4,8,5,4,1,4,9,0,9,2.25,3,0,0.421,1,1,0,0,0,18,2.25,6.99
37,"Jake
                                                                        Porter",Jake Porter,REX Baseball,TER,Jake Porter (TER),So,LHP,13,No,1,0,0,0,1,0,3,1,0,0,2,3,9,0,0,1,0,0,0.111,0,0,0,0,0,3,6,7.49
28,"Max
                                                                        McEwen",Max McEwen,REX Baseball,TER,Max McEwen (TER),So,RHP,13,No,1,0,0,0,0,0,2,3,1,1,2,2,9,0,4.5,2.5,0,0,0.375,1,0,0,0,0,13.5,9,8.49
35,"Brandt
                                                                        Munger",Brandt Munger,REX Baseball,TER,Brandt Munger (TER),Fr,RHP,13,No,2,0,1,0,1,0,2,0,0,0,0,4,18,0,0,0,0,0,0,0,0,0,0,0,0,0,3.49
19,"Kaleb
                                                                        Gengler",Kaleb Gengler,REX Baseball,TER,Kaleb Gengler (TER),So,LHP,13,No,1,0,0,0,0,0,0.67,2,0,0,0,1,13.5,0,0,3,0,0,0.5,0,0,0,0,0,26.87,0,4.51
31,"Sean
                                                                        Stone",Sean Stone,REX Baseball,TER,Sean Stone (TER),Fr,RHP,13,No,1,0,0,0,0,0,0.33,1,3,1,2,0,0,0,27,9,1,0,0.5,0,0,0,0,0,27.27,54.55,25.68
3,"Trey
                                                                        Carter",Trey Carter,Springfield Lucky Horseshoes,SPR,Trey Carter (SPR),Fr,RHP,12,Yes,3,3,0,2,0,0,12.33,21,18,12,7,9,6.57,2,8.76,2.27,3,2,0.368,1,2,0,1,0,15.33,5.11,10.33
1,"Matt
                                                                        Cruise",Matt Cruise,Springfield Lucky Horseshoes,SPR,Matt Cruise (SPR),So,RHP,12,No,3,3,0,2,0,0,9.33,15,14,11,10,3,2.89,1,10.61,2.68,5,1,0.385,0,2,0,1,0,14.47,9.65,12.1
34,"William
                                                                        Ho",William Ho,Springfield Lucky Horseshoes,SPR,William Ho (SPR),Fr,RHP,12,No,4,0,0,0,0,0,11.33,15,6,6,2,11,8.74,0,4.76,1.5,5,0,0.306,0,1,0,1,0,11.92,1.59,6.35
2,"Kyle
                                                                        Tyler",Kyle Tyler,Springfield Lucky Horseshoes,SPR,Kyle Tyler (SPR),Fr,IF,12,No,3,0,0,0,0,0,6.33,8,6,3,2,4,5.68,0,4.26,1.58,2,0,0.258,4,0,0,0,0,11.37,2.84,7.18
27,"Joshua
                                                                        Mauney",Joshua Mauney,Springfield Lucky Horseshoes,SPR,Joshua Mauney (SPR),So,RHP,12,No,4,0,1,0,0,0,10.33,6,3,2,4,5,4.35,0,1.74,0.97,1,0,0.143,2,1,0,0,0,5.23,3.48,7.98
5,"Kannon
                                                                        Kirk",Kannon Kirk,Springfield Lucky Horseshoes,SPR,Kannon Kirk (SPR),Fr,IF,12,No,1,0,0,0,0,0,1.67,2,1,1,2,0,0,0,5.4,2.4,1,0,0.5,0,0,0,2,0,10.78,10.78,11.09
11,"Carson
                                                                        French",Carson French,Springfield Lucky Horseshoes,SPR,Carson French (SPR),Fr,RHP,12,No,2,1,0,0,0,0,8.67,9,7,6,6,11,11.42,0,6.23,1.73,1,0,0.273,3,1,0,0,0,9.34,6.23,7.38
7,"Stephen
                                                                        Eskridge",Stephen Eskridge,Springfield Lucky Horseshoes,SPR,Stephen Eskridge (SPR),Jr,LHP,12,No,4,0,0,2,1,0,4.67,7,6,6,2,12,23.14,1,11.57,1.93,2,0,0.333,2,1,0,0,0,13.49,3.85,7.07
8,"Connor
                                                                        Roark",Connor Roark,Springfield Lucky Horseshoes,SPR,Connor Roark (SPR),So,RHP,12,No,5,0,1,0,0,0,7,6,8,6,6,3,3.86,1,7.71,1.71,2,0,0.222,2,1,0,0,0,7.71,7.71,11.49
22,"Lane
                                                                        Lorton",Lane Lorton,Springfield Lucky Horseshoes,SPR,Lane Lorton (SPR),Fr,RHP,12,No,2,2,0,1,0,0,6,4,7,7,10,4,6,1,10.5,2.33,0,0,0.19,0,4,0,0,0,6,15,15.33
15,"Logan
                                                                        Rushing",Logan Rushing,Springfield Lucky Horseshoes,SPR,Logan Rushing (SPR),So,LHP,12,No,1,1,0,1,0,0,1,3,5,5,4,3,27,0,45,7,1,0,0.429,1,0,0,0,0,27,36,13.49
20,"Isaiah
                                                                        Naylor",Isaiah Naylor,Springfield Lucky Horseshoes,SPR,Isaiah Naylor (SPR),So,LHP,12,No,3,0,0,0,1,0,5,2,2,0,0,4,7.2,1,0,0.4,0,0,0.105,0,0,0,0,0,3.6,0,8.49
21,"Brayson
                                                                        Shew",Brayson Shew,Springfield Lucky Horseshoes,SPR,Brayson Shew (SPR),Jr,RHP,12,No,2,0,1,0,0,0,3.33,2,1,1,1,4,10.8,0,2.7,0.9,0,0,0.182,1,1,0,1,0,5.41,2.7,6.89
29,"Conner
                                                                        Lutes",Conner Lutes,Springfield Lucky Horseshoes,SPR,Conner Lutes (SPR),Jr,RHP,12,No,4,0,0,0,0,0,4.67,11,12,10,3,5,9.64,0,19.29,3,1,0,0.423,1,4,0,0,0,21.2,5.78,9.85
33,"Matt
                                                                        Miscik",Matt Miscik,Springfield Lucky Horseshoes,SPR,Matt Miscik (SPR),So,RHP,12,No,2,0,0,0,0,0,3.67,1,2,2,3,6,14.73,0,4.91,1.09,0,0,0.091,3,2,0,2,0,2.45,7.36,8.31
24,"Collin
                                                                        Netto",Collin Netto,Springfield Lucky Horseshoes,SPR,Collin Netto (SPR),So,RHP,12,No,1,1,0,1,0,0,2,4,5,1,3,1,4.5,1,4.5,3.5,0,0,0.364,1,0,0,0,0,18,13.5,17.49
28,"Brody
                                                                        McNiel",Brody McNiel,Springfield Lucky Horseshoes,SPR,Brody McNiel (SPR),Fr,LHP,12,No,1,1,0,0,0,0,1.67,1,3,3,3,5,27,0,16.2,2.4,0,0,0.167,0,2,0,0,0,5.39,16.17,10.49
27,"Mike
                                                                        Sokol",Mike Sokol,Thrillville Thrillbillies,THR,Mike Sokol (THR),Jr,RHP,13,No,3,2,2,0,0,0,12,13,5,5,5,11,8.25,0,3.75,1.5,2,0,0.302,3,1,0,1,0,9.75,3.75,7.16
6,"Eli
                                                                        Maynor",Eli Maynor,Thrillville Thrillbillies,THR,Eli Maynor (THR),Fr,RHP,13,No,2,0,0,1,0,0,2.33,6,7,4,1,1,3.86,0,15.43,3,0,0,0.429,0,0,0,0,0,23.18,3.86,7.92
31,"Blaine
                                                                        Albright",Blaine Albright,Thrillville Thrillbillies,THR,Blaine Albright (THR),Fr,LHP,13,No,3,3,0,0,0,0,10,7,2,1,8,14,12.6,0,0.9,1.5,2,0,0.194,2,2,0,0,0,6.3,7.2,7.69
11,"Jon
                                                                        Montagne",Jon Montagne,Thrillville Thrillbillies,THR,Jon Montagne (THR),So,LHP,13,No,3,0,0,0,0,0,3.33,2,2,2,3,3,8.1,0,5.4,1.5,0,0,0.182,2,2,0,0,0,5.41,8.11,10.2
22,"Preston
                                                                        Drebes",Preston Drebes,Thrillville Thrillbillies,THR,Preston Drebes (THR),So,RHP,13,No,3,1,3,0,0,0,9.67,4,1,0,2,8,7.45,0,0,0.62,0,0,0.118,1,2,0,0,0,3.72,1.86,7.08
12,"Matthew
                                                                        Derrick",Matthew Derrick,Thrillville Thrillbillies,THR,Matthew Derrick (THR),So,RHP,13,No,3,0,1,0,0,0,6,5,1,1,2,6,9,0,1.5,1.17,1,0,0.217,0,3,0,0,0,7.5,3,7.99
18,"Jacob
                                                                        Hustedde",Jacob Hustedde,Thrillville Thrillbillies,THR,Jacob Hustedde (THR),Fr,RHP,13,No,2,2,0,1,0,0,8.33,10,6,5,4,7,7.56,0,5.4,1.68,3,0,0.294,0,0,0,1,0,10.8,4.32,7.25
14,"Matt
                                                                        Tarr",Matt Tarr,Thrillville Thrillbillies,THR,Matt Tarr (THR),So,RHP,13,No,4,0,0,0,1,0,4.33,9,6,6,3,4,8.31,0,12.46,2.77,4,1,0.45,3,0,0,0,0,18.71,6.24,7.73
37,"J.Henry
                                                                        Hobson",J.Henry Hobson,Thrillville Thrillbillies,THR,J.Henry Hobson (THR),Jr,RHP,13,No,2,2,1,0,0,0,8,9,5,5,2,5,5.63,1,5.63,1.38,1,0,0.273,1,1,0,1,0,10.13,2.25,8.99
15,"Dalton
                                                                        Hitt",Dalton Hitt,Thrillville Thrillbillies,THR,Dalton Hitt (THR),Jr,LHP,13,No,2,0,0,0,1,0,2.33,5,6,6,4,2,7.71,1,23.14,3.86,0,0,0.455,4,1,0,0,0,19.31,15.45,17.79
19,"Karsten
                                                                        Stotlar",Karsten Stotlar,Thrillville Thrillbillies,THR,Karsten Stotlar (THR),Jr,LHP,13,No,2,1,1,0,0,0,8,4,0,0,4,8,9,0,0,1,0,0,0.138,1,0,0,0,0,4.5,4.5,6.99
33,"Ben
                                                                        Tedesco",Ben Tedesco,Thrillville Thrillbillies,THR,Ben Tedesco (THR),So,RHP,13,No,3,0,2,0,0,0,6.33,2,0,0,0,8,11.37,0,0,0.32,0,0,0.091,1,0,0,0,0,2.84,0,4.97
21,"Kale
                                                                        Cameron",Kale Cameron,Thrillville Thrillbillies,THR,Kale Cameron (THR),So,RHP,13,No,3,0,0,0,0,0,4,6,6,6,3,6,13.5,1,13.5,2.25,0,0,0.316,0,0,0,0,0,13.5,6.75,9.99
32,"Zach
                                                                        Sims",Zach Sims,Thrillville Thrillbillies,THR,Zach Sims (THR),Fr,LHP,13,No,2,1,0,0,0,0,6,6,4,4,2,14,21,0,6,1.33,1,1,0.25,3,0,3,0,0,9,3,3.83
52,"Jackson
                                                                        Conn",Jackson Conn,Thrillville Thrillbillies,THR,Jackson Conn (THR),Jr,RHP,13,No,4,0,0,1,0,0,4.67,3,2,0,7,8,15.43,0,0,2.14,0,0,0.2,2,0,0,1,0,5.78,13.49,8.57
23,"Austin
                                                                        Gast",Austin Gast,Thrillville Thrillbillies,THR,Austin Gast (THR),Jr,RHP,13,No,2,0,0,0,0,0,4,3,0,0,1,6,13.5,0,0,1,0,0,0.231,0,1,0,0,1,6.75,2.25,5.99
26,"Zach
                                                                        Haygood",Zach Haygood,Thrillville Thrillbillies,THR,Zach Haygood (THR),Jr,RHP,13,No,4,0,0,0,1,0,4.67,4,3,3,1,5,9.64,1,5.79,1.07,1,0,0.235,1,1,0,0,0,7.71,1.93,9.42
30,"Chris
                                                                        Zajac",Chris Zajac,Thrillville Thrillbillies,THR,Chris Zajac (THR),Fr,LHP,13,No,2,1,0,0,0,0,4.67,2,2,2,4,6,11.57,0,3.86,1.29,0,0,0.133,0,1,0,0,0,3.85,7.71,8.14
-,,League Totals/Averages,-,-,-,-,-,-,-,,241,121,122,44,1,2033.31,1972,1512,1233,1252,2090,9.25,107,5.46,1.59,357,52,,311,385,27,89,39,8.73,5.54,5.46
